PERIOD,cl_id,MCC,currency,TRDATETIME,amount,target_flag,target_sum,trx_category_mul,year,ymonth,mday,wday,is_weekend,mcc_group,amount_log,channel_type_type0,channel_type_type1,channel_type_type2,channel_type_type3,channel_type_type4,channel_type_type5,trx_category_BACK_TRX,trx_category_C2C_IN,trx_category_C2C_OUT,trx_category_CASH_ADV,trx_category_CAT,trx_category_DEPOSIT,trx_category_POS,trx_category_WD_ATM_OTHER,trx_category_WD_ATM_PARTNER,trx_category_WD_ATM_ROS
01/06/2017,913,7230,810,2017-06-14 00:00:00,2100.0,1,449004.29,-1,2017,6,14,2,False,13.0,2100.0,False,False,True,False,False,False,False,False,False,False,False,False,True,False,False,False
01/07/2017,4183,5499,810,2017-07-20 00:00:00,140.0,1,132726.55,-1,2017,7,20,3,False,8.0,140.0,False,True,False,False,False,False,False,False,False,False,False,False,True,False,False,False
01/11/2017,2253,5735,810,2017-11-28 00:00:00,397.0,1,59.0,-1,2017,11,28,1,False,11.0,397.0,False,False,True,False,False,False,False,False,False,False,False,False,True,False,False,False
01/08/2017,225,5411,810,2017-08-07 00:00:00,44.9,1,466235.45,-1,2017,8,7,0,False,8.0,44.9,False,False,False,False,True,False,False,False,False,False,False,False,True,False,False,False
01/03/2017,9869,5812,810,2017-03-30 00:00:00,350.0,0,0.0,-1,2017,3,30,3,False,11.0,350.0,False,True,False,False,False,False,False,False,False,False,False,False,True,False,False,False
01/10/2017,4470,5921,810,2017-10-01 00:00:00,265.0,1,49099.0,-1,2017,10,1,6,True,11.0,265.0,False,True,False,False,False,False,False,False,False,False,False,False,True,False,False,False
01/12/2016,5707,5411,810,2016-12-21 00:00:00,409.62,1,1032.63,-1,2016,12,21,2,False,8.0,409.62,False,True,False,False,False,False,False,False,False,False,False,False,True,False,False,False
01/05/2017,1289,5812,810,2017-05-05 00:00:00,310.0,1,151619.28,-1,2017,5,5,4,False,11.0,310.0,False,False,True,False,False,False,False,False,False,False,False,False,True,False,False,False
01/12/2017,3019,5812,144,2017-12-30 00:00:00,6058.94,0,0.0,-1,2017,12,30,5,True,11.0,6058.94,False,False,True,False,False,False,False,False,False,False,False,False,True,False,False,False
01/04/2017,4794,5521,810,2017-04-06 00:00:00,20000.0,1,583911.45,-1,2017,4,6,3,False,9.0,20000.0,False,True,False,False,False,False,False,False,False,False,False,False,True,False,False,False
01/07/2017,6035,5541,810,2017-07-21 00:00:00,1000.0,0,0.0,-1,2017,7,21,4,False,9.0,1000.0,False,True,False,False,False,False,False,False,False,False,False,False,True,False,False,False
01/02/2017,1862,5411,810,2017-02-16 00:00:00,651.0,1,18940.99,-1,2017,2,16,3,False,8.0,651.0,False,False,True,False,False,False,False,False,False,False,False,False,True,False,False,False
01/03/2017,4014,5411,810,2017-03-09 00:00:00,258.0,1,91697.35,-1,2017,3,9,3,False,8.0,258.0,False,True,False,False,False,False,False,False,False,False,False,False,True,False,False,False
01/09/2017,8327,6012,810,2017-09-16 15:48:08,2600.0,0,0.0,-1,2017,9,16,5,True,7.0,2600.0,False,True,False,False,False,False,False,False,True,False,False,False,False,False,False,False
01/11/2016,5612,5541,810,2016-11-23 00:00:00,1000.0,1,44341.11,-1,2016,11,23,2,False,9.0,1000.0,False,True,False,False,False,False,False,False,False,False,False,False,True,False,False,False
01/04/2017,1955,5812,810,2017-04-30 00:00:00,250.0,1,81608.7,-1,2017,4,30,6,True,11.0,250.0,False,False,True,False,False,False,False,False,False,False,False,False,True,False,False,False
01/05/2017,4317,5691,810,2017-05-21 00:00:00,140.0,1,119306.3,-1,2017,5,21,6,True,10.0,140.0,False,True,False,False,False,False,False,False,False,False,False,False,True,False,False,False
01/03/2017,6517,8099,810,2017-03-06 00:00:00,2070.0,0,0.0,-1,2017,3,6,0,False,17.0,2070.0,False,True,False,False,False,False,False,False,False,False,False,False,True,False,False,False
01/02/2017,5877,6011,810,2017-02-15 12:26:40,30000.0,0,0.0,1,2017,2,15,2,False,7.0,30000.0,False,True,False,False,False,False,False,False,False,False,False,True,False,False,False,False
01/01/2017,1830,5411,810,2017-01-23 00:00:00,76.5,1,122786.42,-1,2017,1,23,0,False,8.0,76.5,False,False,True,False,False,False,False,False,False,False,False,False,True,False,False,False
01/04/2017,417,5812,810,2017-04-07 00:00:00,320.0,1,133329.76,-1,2017,4,7,4,False,11.0,320.0,False,False,True,False,False,False,False,False,False,False,False,False,True,False,False,False
01/05/2017,3567,5813,810,2017-05-30 00:00:00,205.0,1,110617.96,-1,2017,5,30,1,False,11.0,205.0,False,True,False,False,False,False,False,False,False,False,False,False,True,False,False,False
01/07/2017,2096,5945,810,2017-07-06 00:00:00,1539.0,1,55306.47,-1,2017,7,6,3,False,11.0,1539.0,False,False,True,False,False,False,False,False,False,False,False,False,True,False,False,False
01/12/2016,10045,5411,810,2016-12-30 00:00:00,467.2,1,1494.49,-1,2016,12,30,4,False,8.0,467.2,False,True,False,False,False,False,False,False,False,False,False,False,True,False,False,False
01/04/2017,9638,5912,810,2017-04-30 00:00:00,1066.1,0,0.0,-1,2017,4,30,6,True,11.0,1066.1,False,True,False,False,False,False,False,False,False,False,False,False,True,False,False,False
01/06/2017,4846,5411,810,2017-06-10 00:00:00,2088.0,1,131.46,-1,2017,6,10,5,True,8.0,2088.0,False,True,False,False,False,False,False,False,False,False,False,False,True,False,False,False
01/02/2018,1295,6011,810,2018-02-12 11:18:40,14500.0,0,0.0,-1,2018,2,12,0,False,7.0,14500.0,False,False,True,False,False,False,False,False,False,False,False,False,False,False,False,True
01/12/2016,6605,5499,810,2016-12-27 00:00:00,70.8,0,0.0,-1,2016,12,27,1,False,8.0,70.8,False,True,False,False,False,False,False,False,False,False,False,False,True,False,False,False
01/06/2017,1957,5411,810,2017-06-21 00:00:00,52.06,1,249155.04,-1,2017,6,21,2,False,8.0,52.06,False,False,True,False,False,False,False,False,False,False,False,False,True,False,False,False
01/08/2017,3523,5311,810,2017-08-04 00:00:00,762.5,1,205648.99,-1,2017,8,4,4,False,8.0,762.5,False,True,False,False,False,False,False,False,False,False,False,False,True,False,False,False
01/05/2017,98,5812,810,2017-05-06 00:00:00,1125.0,1,180482.96,-1,2017,5,6,5,True,11.0,1125.0,False,False,False,False,False,True,False,False,False,False,False,False,True,False,False,False
01/01/2017,3168,5814,810,2017-01-12 00:00:00,233.0,0,0.0,-1,2017,1,12,3,False,11.0,233.0,False,False,True,False,False,False,False,False,False,False,False,False,True,False,False,False
01/05/2017,9073,6011,810,2017-05-04 13:50:16,1400.0,0,0.0,-1,2017,5,4,3,False,7.0,1400.0,False,True,False,False,False,False,False,False,False,False,False,False,False,False,False,True
01/04/2017,1839,5912,810,2017-04-23 00:00:00,563.0,1,132972.04,-1,2017,4,23,6,True,11.0,563.0,False,False,True,False,False,False,False,False,False,False,False,False,True,False,False,False
01/09/2017,8407,5912,810,2017-09-14 00:00:00,132.2,0,0.0,-1,2017,9,14,3,False,11.0,132.2,False,True,False,False,False,False,False,False,False,False,False,False,True,False,False,False
01/05/2017,2021,6011,810,2017-05-08 00:00:00,1000.0,1,103555.98,-1,2017,5,8,0,False,7.0,1000.0,False,False,True,False,False,False,False,False,False,False,False,False,False,True,False,False
01/08/2017,2756,6011,810,2017-08-17 00:00:00,5000.0,1,100933.62,1,2017,8,17,3,False,7.0,5000.0,False,False,True,False,False,False,True,False,False,False,False,False,False,False,False,False
01/06/2017,8621,5411,810,2017-06-25 00:00:00,308.49,1,181462.18,-1,2017,6,25,6,True,8.0,308.49,False,True,False,False,False,False,False,False,False,False,False,False,True,False,False,False
01/10/2017,2438,5411,810,2017-10-10 00:00:00,140.0,1,190850.33,-1,2017,10,10,1,False,8.0,140.0,False,False,True,False,False,False,False,False,False,False,False,False,True,False,False,False
01/01/2017,7995,4816,810,2017-01-19 00:00:00,1.0,0,0.0,1,2017,1,19,3,False,6.0,1.0,False,True,False,False,False,False,True,False,False,False,False,False,False,False,False,False
01/10/2017,9978,5039,810,2017-10-01 00:00:00,452.0,0,0.0,-1,2017,10,1,6,True,1.0,452.0,False,True,False,False,False,False,False,False,False,False,False,False,True,False,False,False
01/01/2017,609,6011,810,2017-01-25 00:00:00,1000.0,1,110336.91,-1,2017,1,25,2,False,7.0,1000.0,False,False,True,False,False,False,False,False,False,False,False,False,False,False,True,False
01/01/2017,9977,5411,810,2017-01-18 00:00:00,874.0,0,0.0,-1,2017,1,18,2,False,8.0,874.0,False,True,False,False,False,False,False,False,False,False,False,False,True,False,False,False
01/05/2017,2366,5661,810,2017-05-13 00:00:00,3192.0,1,129563.06,-1,2017,5,13,5,True,10.0,3192.0,False,False,True,False,False,False,False,False,False,False,False,False,True,False,False,False
01/07/2017,3800,5411,810,2017-07-09 00:00:00,35.99,0,0.0,-1,2017,7,9,6,True,8.0,35.99,False,True,False,False,False,False,False,False,False,False,False,False,True,False,False,False
01/12/2016,1830,5999,810,2016-12-13 00:00:00,4900.0,1,122786.42,-1,2016,12,13,1,False,11.0,4900.0,False,False,True,False,False,False,False,False,False,False,False,False,True,False,False,False
01/12/2017,1592,6011,826,2017-12-03 00:00:00,40.0,1,266823.02,-1,2017,12,3,6,True,7.0,40.0,False,False,True,False,False,False,False,False,False,False,False,False,False,True,False,False
01/07/2017,691,6011,810,2017-07-18 13:21:04,85000.0,0,0.0,1,2017,7,18,1,False,7.0,85000.0,False,False,True,False,False,False,False,False,False,False,False,True,False,False,False,False
01/02/2017,556,5812,810,2017-02-14 00:00:00,550.0,1,815567.39,-1,2017,2,14,1,False,11.0,550.0,False,False,True,False,False,False,False,False,False,False,False,False,True,False,False,False
01/03/2017,3120,6012,810,2017-03-24 00:00:00,5000.0,0,0.0,-1,2017,3,24,4,False,7.0,5000.0,False,False,True,False,False,False,False,False,True,False,False,False,False,False,False,False
01/03/2017,2019,4816,810,2017-03-16 00:00:00,1340.0,1,102706.21,-1,2017,3,16,3,False,6.0,1340.0,False,False,True,False,False,False,False,False,False,False,False,False,True,False,False,False
01/07/2017,1564,5641,810,2017-07-23 00:00:00,1427.9,1,288518.61,-1,2017,7,23,6,True,10.0,1427.9,False,False,True,False,False,False,False,False,False,False,False,False,True,False,False,False
01/03/2017,6246,3011,810,2017-03-13 00:00:00,72000.0,0,0.0,1,2017,3,13,0,False,2.0,72000.0,False,True,False,False,False,False,True,False,False,False,False,False,False,False,False,False
01/03/2017,4171,4121,810,2017-03-16 00:00:00,210.0,0,0.0,-1,2017,3,16,3,False,5.0,210.0,False,True,False,False,False,False,False,False,False,False,False,False,True,False,False,False
01/08/2017,2087,5200,810,2017-08-29 00:00:00,558.0,1,109817.16,-1,2017,8,29,1,False,8.0,558.0,False,False,True,False,False,False,False,False,False,False,False,False,True,False,False,False
01/06/2017,6447,5814,810,2017-06-07 00:00:00,355.0,0,0.0,-1,2017,6,7,2,False,11.0,355.0,False,True,False,False,False,False,False,False,False,False,False,False,True,False,False,False
01/04/2017,6803,5812,810,2017-04-04 00:00:00,80.0,1,208050.7,-1,2017,4,4,1,False,11.0,80.0,False,True,False,False,False,False,False,False,False,False,False,False,True,False,False,False
01/05/2017,1261,4722,810,2017-05-08 00:00:00,760.0,1,384351.32,-1,2017,5,8,0,False,5.0,760.0,False,False,True,False,False,False,False,False,False,False,False,False,True,False,False,False
01/12/2016,9412,6011,810,2016-12-15 00:00:00,45000.0,0,0.0,-1,2016,12,15,3,False,7.0,45000.0,False,True,False,False,False,False,False,False,False,False,False,False,False,False,True,False
01/05/2017,2688,5999,810,2017-05-25 17:43:19,4008.48,0,0.0,-1,2017,5,25,3,False,11.0,4008.48,False,False,True,False,False,False,False,False,False,False,False,False,True,False,False,False
01/04/2017,5793,5411,810,2017-04-16 00:00:00,752.09,1,133.35,-1,2017,4,16,6,True,8.0,752.09,False,True,False,False,False,False,False,False,False,False,False,False,True,False,False,False
01/04/2017,731,5722,810,2017-04-29 00:00:00,49973.0,1,304230.98,-1,2017,4,29,5,True,11.0,49973.0,False,False,True,False,False,False,False,False,False,False,False,False,True,False,False,False
01/11/2016,9233,5732,810,2016-11-27 00:00:00,13270.0,0,0.0,-1,2016,11,27,6,True,11.0,13270.0,False,True,False,False,False,False,False,False,False,False,False,False,True,False,False,False
01/06/2017,302,6012,810,2017-06-06 00:00:00,40000.0,1,705822.72,1,2017,6,6,1,False,7.0,40000.0,False,False,True,False,False,False,False,True,False,False,False,False,False,False,False,False
01/10/2017,1933,5814,810,2017-10-15 00:00:00,260.0,1,132574.84,-1,2017,10,15,6,True,11.0,260.0,False,False,True,False,False,False,False,False,False,False,False,False,True,False,False,False
01/02/2017,46,5912,810,2017-02-09 00:00:00,849.0,0,0.0,-1,2017,2,9,3,False,11.0,849.0,True,False,False,False,False,False,False,False,False,False,False,False,True,False,False,False
01/08/2017,718,5812,810,2017-08-01 00:00:00,45.8,1,85820.33,-1,2017,8,1,1,False,11.0,45.8,False,False,True,False,False,False,False,False,False,False,False,False,True,False,False,False
01/08/2017,1304,5411,810,2017-08-20 00:00:00,1427.0,1,306763.71,-1,2017,8,20,6,True,8.0,1427.0,False,False,True,False,False,False,False,False,False,False,False,False,True,False,False,False
01/11/2016,1422,5921,810,2016-11-12 00:00:00,5962.0,1,74198.66,-1,2016,11,12,5,True,11.0,5962.0,False,False,True,False,False,False,False,False,False,False,False,False,True,False,False,False
01/10/2016,9346,5411,810,2016-10-24 00:00:00,140.0,1,288486.11,-1,2016,10,24,0,False,8.0,140.0,False,True,False,False,False,False,False,False,False,False,False,False,True,False,False,False
01/07/2017,1160,5411,810,2017-07-19 00:00:00,9911.5,1,54315.15,-1,2017,7,19,2,False,8.0,9911.5,False,False,True,False,False,False,False,False,False,False,False,False,True,False,False,False
01/04/2017,2993,5814,810,2017-04-17 00:00:00,90.0,1,71507.81,-1,2017,4,17,0,False,11.0,90.0,False,False,True,False,False,False,False,False,False,False,False,False,True,False,False,False
01/01/2017,9539,6011,810,2017-01-21 15:12:22,8000.0,1,126782.06,1,2017,1,21,5,True,7.0,8000.0,False,True,False,False,False,False,False,False,False,False,False,True,False,False,False,False
01/01/2017,6859,5719,810,2017-01-21 00:00:00,1365.0,0,0.0,-1,2017,1,21,5,True,11.0,1365.0,False,True,False,False,False,False,False,False,False,False,False,False,True,False,False,False
01/06/2017,2063,7922,810,2017-06-06 00:00:00,2489.63,1,61488.6,-1,2017,6,6,1,False,16.0,2489.63,False,False,True,False,False,False,False,False,False,False,False,False,True,False,False,False
01/08/2017,6357,6011,810,2017-08-09 23:31:51,16000.0,0,0.0,1,2017,8,9,2,False,7.0,16000.0,False,True,False,False,False,False,False,False,False,False,False,True,False,False,False,False
01/07/2017,9964,5411,810,2017-07-28 00:00:00,85.0,0,0.0,-1,2017,7,28,4,False,8.0,85.0,False,True,False,False,False,False,False,False,False,False,False,False,True,False,False,False
01/12/2016,594,6011,810,2016-12-03 13:07:57,50000.0,1,83789.5,-1,2016,12,3,5,True,7.0,50000.0,False,False,True,False,False,False,False,False,False,False,False,False,False,False,False,True
01/07/2017,6405,5411,810,2017-07-15 00:00:00,340.0,0,0.0,-1,2017,7,15,5,True,8.0,340.0,False,True,False,False,False,False,False,False,False,False,False,False,True,False,False,False
01/06/2017,5414,5411,810,2017-06-23 00:00:00,2256.0,1,240845.39,-1,2017,6,23,4,False,8.0,2256.0,False,True,False,False,False,False,False,False,False,False,False,False,True,False,False,False
01/05/2017,7419,5411,810,2017-05-14 00:00:00,1231.02,0,0.0,-1,2017,5,14,6,True,8.0,1231.02,False,True,False,False,False,False,False,False,False,False,False,False,True,False,False,False
01/07/2017,6772,6012,810,2017-07-27 12:55:26,3609.7,0,0.0,1,2017,7,27,3,False,7.0,3609.7,False,True,False,False,False,False,False,True,False,False,False,False,False,False,False,False
01/07/2017,9244,5499,810,2017-07-31 00:00:00,62.0,1,49301.36,-1,2017,7,31,0,False,8.0,62.0,False,True,False,False,False,False,False,False,False,False,False,False,True,False,False,False
01/01/2017,9674,5411,810,2017-01-14 00:00:00,625.0,0,0.0,-1,2017,1,14,5,True,8.0,625.0,False,True,False,False,False,False,False,False,False,False,False,False,True,False,False,False
01/05/2017,4931,5411,810,2017-05-06 00:00:00,537.0,0,0.0,-1,2017,5,6,5,True,8.0,537.0,False,True,False,False,False,False,False,False,False,False,False,False,True,False,False,False
01/03/2017,7000,6011,810,2017-03-05 08:41:43,40000.0,0,0.0,-1,2017,3,5,6,True,7.0,40000.0,False,True,False,False,False,False,False,False,False,False,False,False,False,False,False,True
01/08/2017,4813,6011,810,2017-08-27 10:55:29,15000.0,0,0.0,1,2017,8,27,6,True,7.0,15000.0,False,True,False,False,False,False,False,False,False,False,False,True,False,False,False,False
01/02/2017,3813,5311,810,2017-02-18 00:00:00,1897.0,1,110660.57,-1,2017,2,18,5,True,8.0,1897.0,False,True,False,False,False,False,False,False,False,False,False,False,True,False,False,False
01/12/2017,5089,5712,810,2017-12-30 00:00:00,1172.0,1,396649.93,-1,2017,12,30,5,True,11.0,1172.0,False,True,False,False,False,False,False,False,False,False,False,False,True,False,False,False
01/06/2017,2704,5814,810,2017-06-05 00:00:00,195.0,1,237942.13,-1,2017,6,5,0,False,11.0,195.0,False,False,True,False,False,False,False,False,False,False,False,False,True,False,False,False
01/07/2017,7158,5411,764,2017-07-11 00:00:00,283.5,0,0.0,-1,2017,7,11,1,False,8.0,283.5,False,True,False,False,False,False,False,False,False,False,False,False,True,False,False,False
01/07/2017,1890,5921,810,2017-07-04 00:00:00,214.5,1,78295.82,-1,2017,7,4,1,False,11.0,214.5,False,False,True,False,False,False,False,False,False,False,False,False,True,False,False,False
01/12/2016,10110,8299,810,2016-12-14 00:00:00,1530.0,1,71649.5,-1,2016,12,14,2,False,17.0,1530.0,False,True,False,False,False,False,False,False,False,False,False,False,True,False,False,False
01/04/2017,235,5411,810,2017-04-20 00:00:00,1381.99,1,171614.7,-1,2017,4,20,3,False,8.0,1381.99,False,False,False,False,True,False,False,False,False,False,False,False,True,False,False,False
01/04/2017,6204,5499,810,2017-04-07 00:00:00,98.0,0,0.0,-1,2017,4,7,4,False,8.0,98.0,False,True,False,False,False,False,False,False,False,False,False,False,True,False,False,False
01/05/2017,2101,5541,810,2017-05-19 00:00:00,3102.22,1,271011.94,-1,2017,5,19,4,False,9.0,3102.22,False,False,True,False,False,False,False,False,False,False,False,False,True,False,False,False
01/11/2016,8214,4511,458,2016-11-14 00:00:00,132.06,0,0.0,-1,2016,11,14,0,False,5.0,132.06,False,True,False,False,False,False,False,False,False,False,False,False,True,False,False,False
01/12/2016,3543,4812,810,2016-12-31 00:00:00,21539.0,1,596120.3,-1,2016,12,31,5,True,6.0,21539.0,False,True,False,False,False,False,False,False,False,False,False,False,True,False,False,False
01/09/2017,4563,5816,810,2017-09-24 00:00:00,500.0,1,143265.06,-1,2017,9,24,6,True,11.0,500.0,False,True,False,False,False,False,False,False,False,False,False,False,True,False,False,False
01/08/2017,7101,5411,810,2017-08-04 00:00:00,2161.5,0,0.0,-1,2017,8,4,4,False,8.0,2161.5,False,True,False,False,False,False,False,False,False,False,False,False,True,False,False,False
01/07/2017,3561,6011,810,2017-07-31 18:58:00,5000.0,0,0.0,1,2017,7,31,0,False,7.0,5000.0,False,True,False,False,False,False,False,False,False,False,False,True,False,False,False,False
01/07/2017,9472,5814,810,2017-07-10 00:00:00,25.0,1,40038.38,-1,2017,7,10,0,False,11.0,25.0,False,True,False,False,False,False,False,False,False,False,False,False,True,False,False,False
01/12/2016,9149,5812,810,2016-12-21 00:00:00,694.0,0,0.0,-1,2016,12,21,2,False,11.0,694.0,False,True,False,False,False,False,False,False,False,False,False,False,True,False,False,False
01/12/2016,7733,5944,810,2016-12-27 00:00:00,9310.0,0,0.0,-1,2016,12,27,1,False,11.0,9310.0,False,True,False,False,False,False,False,False,False,False,False,False,True,False,False,False
01/10/2016,1299,6011,810,2016-10-22 12:52:14,100000.0,1,89899.29,-1,2016,10,22,5,True,7.0,100000.0,False,False,True,False,False,False,False,False,False,False,False,False,False,False,False,True
01/05/2017,3572,5499,810,2017-05-13 00:00:00,130.0,1,65009.91,-1,2017,5,13,5,True,8.0,130.0,False,True,False,False,False,False,False,False,False,False,False,False,True,False,False,False
01/01/2017,8988,7230,810,2017-01-12 00:00:00,7152.0,1,4616.24,-1,2017,1,12,3,False,13.0,7152.0,False,True,False,False,False,False,False,False,False,False,False,False,True,False,False,False
01/12/2016,3030,6011,810,2016-12-15 07:23:16,35000.0,1,78172.23,-1,2016,12,15,3,False,7.0,35000.0,False,False,True,False,False,False,False,False,False,False,False,False,False,False,False,True
01/04/2017,2889,6011,810,2017-04-27 00:34:16,10000.0,1,57033.7,-1,2017,4,27,3,False,7.0,10000.0,False,False,True,False,False,False,False,False,False,False,False,False,False,False,False,True
01/03/2017,117,5661,810,2017-03-03 00:00:00,2198.0,1,295.0,-1,2017,3,3,4,False,10.0,2198.0,False,False,False,False,False,True,False,False,False,False,False,False,True,False,False,False
01/04/2017,2812,5912,810,2017-04-29 00:00:00,282.5,0,0.0,-1,2017,4,29,5,True,11.0,282.5,False,False,True,False,False,False,False,False,False,False,False,False,True,False,False,False
01/12/2016,9166,6011,810,2016-12-15 21:44:29,10000.0,1,52708.77,1,2016,12,15,3,False,7.0,10000.0,False,True,False,False,False,False,False,False,False,False,False,True,False,False,False,False
01/01/2017,7643,5499,810,2017-01-25 00:00:00,2508.0,1,378480.64,-1,2017,1,25,2,False,8.0,2508.0,False,True,False,False,False,False,False,False,False,False,False,False,True,False,False,False
01/08/2017,5477,5411,810,2017-08-31 00:00:00,5111.0,1,33500.0,-1,2017,8,31,3,False,8.0,5111.0,False,True,False,False,False,False,False,False,False,False,False,False,True,False,False,False
01/08/2017,104,5541,810,2017-08-24 00:00:00,1999.9,1,3646.5,-1,2017,8,24,3,False,9.0,1999.9,False,False,False,False,False,True,False,False,False,False,False,False,True,False,False,False
01/02/2017,8475,5999,810,2017-02-17 06:41:56,100.0,1,36.85,-1,2017,2,17,4,False,11.0,100.0,False,True,False,False,False,False,False,False,False,False,False,False,True,False,False,False
01/01/2017,9137,4121,810,2017-01-30 00:00:00,174.0,0,0.0,-1,2017,1,30,0,False,5.0,174.0,False,True,False,False,False,False,False,False,False,False,False,False,True,False,False,False
01/02/2017,866,8062,704,2017-02-03 00:00:00,4989000.0,1,72153.97,-1,2017,2,3,4,False,17.0,4989000.0,False,False,True,False,False,False,False,False,False,False,False,False,True,False,False,False
01/02/2017,2533,5411,810,2017-02-01 00:00:00,1182.28,1,156478.74,-1,2017,2,1,2,False,8.0,1182.28,False,False,True,False,False,False,False,False,False,False,False,False,True,False,False,False
01/01/2017,8624,5992,810,2017-01-10 00:00:00,1530.0,0,0.0,-1,2017,1,10,1,False,11.0,1530.0,False,True,False,False,False,False,False,False,False,False,False,False,True,False,False,False
01/06/2017,5394,5411,810,2017-06-02 00:00:00,85.0,1,273204.4,-1,2017,6,2,4,False,8.0,85.0,False,True,False,False,False,False,False,False,False,False,False,False,True,False,False,False
01/02/2017,7378,5661,810,2017-02-28 00:00:00,4790.0,0,0.0,-1,2017,2,28,1,False,10.0,4790.0,False,True,False,False,False,False,False,False,False,False,False,False,True,False,False,False
01/09/2017,2040,5947,810,2017-09-09 00:00:00,5100.0,1,126206.59,-1,2017,9,9,5,True,11.0,5100.0,False,False,True,False,False,False,False,False,False,False,False,False,True,False,False,False
01/06/2017,6477,5411,810,2017-06-09 00:00:00,243.7,0,0.0,-1,2017,6,9,4,False,8.0,243.7,False,True,False,False,False,False,False,False,False,False,False,False,True,False,False,False
01/08/2017,9279,5411,810,2017-08-25 00:00:00,252.32,0,0.0,-1,2017,8,25,4,False,8.0,252.32,False,True,False,False,False,False,False,False,False,False,False,False,True,False,False,False
01/04/2017,1443,5814,810,2017-04-11 00:00:00,308.0,1,390027.67,-1,2017,4,11,1,False,11.0,308.0,False,False,True,False,False,False,False,False,False,False,False,False,True,False,False,False
01/06/2017,6427,5411,810,2017-06-03 00:00:00,500.0,1,566359.14,-1,2017,6,3,5,True,8.0,500.0,False,True,False,False,False,False,False,False,False,False,False,False,True,False,False,False
01/12/2016,6768,5814,810,2016-12-31 00:00:00,250.0,1,92.0,-1,2016,12,31,5,True,11.0,250.0,False,True,False,False,False,False,False,False,False,False,False,False,True,False,False,False
01/05/2017,3988,6011,810,2017-05-02 00:00:00,6000.0,1,320869.75,-1,2017,5,2,1,False,7.0,6000.0,False,True,False,False,False,False,False,False,False,False,False,False,False,True,False,False
01/09/2017,4271,6011,810,2017-09-08 00:00:00,1500.0,0,0.0,-1,2017,9,8,4,False,7.0,1500.0,False,True,False,False,False,False,False,False,False,False,False,False,False,False,True,False
01/07/2017,2695,5411,810,2017-07-12 00:00:00,939.62,1,47867.41,-1,2017,7,12,2,False,8.0,939.62,False,False,True,False,False,False,False,False,False,False,False,False,True,False,False,False
01/04/2017,5793,5964,840,2017-04-03 00:00:00,19.25,1,133.35,-1,2017,4,3,0,False,12.0,19.25,False,True,False,False,False,False,False,False,False,False,False,False,True,False,False,False
01/07/2017,3499,7832,810,2017-07-29 00:00:00,730.0,1,125158.49,-1,2017,7,29,5,True,16.0,730.0,False,True,False,False,False,False,False,False,False,False,False,False,True,False,False,False
01/06/2017,9521,5411,810,2017-06-05 00:00:00,1359.0,0,0.0,-1,2017,6,5,0,False,8.0,1359.0,False,True,False,False,False,False,False,False,False,False,False,False,True,False,False,False
01/04/2017,10117,5411,810,2017-04-24 00:00:00,250.0,1,16438.46,-1,2017,4,24,0,False,8.0,250.0,False,True,False,False,False,False,False,False,False,False,False,False,True,False,False,False
01/08/2017,8674,5411,810,2017-08-24 00:00:00,1831.8,1,1961.0,-1,2017,8,24,3,False,8.0,1831.8,False,True,False,False,False,False,False,False,False,False,False,False,True,False,False,False
01/12/2016,8735,5411,810,2016-12-03 00:00:00,370.45,0,0.0,-1,2016,12,3,5,True,8.0,370.45,False,True,False,False,False,False,False,False,False,False,False,False,True,False,False,False
01/09/2017,757,6011,810,2017-09-25 00:00:00,2000.0,1,512161.42,-1,2017,9,25,0,False,7.0,2000.0,False,False,True,False,False,False,False,False,False,False,False,False,False,False,True,False
01/08/2017,1765,5211,810,2017-08-31 00:00:00,750.0,1,130588.7,-1,2017,8,31,3,False,8.0,750.0,False,False,True,False,False,False,False,False,False,False,False,False,True,False,False,False
01/07/2017,2412,5411,810,2017-07-10 00:00:00,75.0,1,42834.97,-1,2017,7,10,0,False,8.0,75.0,False,False,True,False,False,False,False,False,False,False,False,False,True,False,False,False
01/06/2017,3610,5814,810,2017-06-16 00:00:00,827.0,1,152734.95,-1,2017,6,16,4,False,11.0,827.0,False,True,False,False,False,False,False,False,False,False,False,False,True,False,False,False
01/10/2016,3162,7832,810,2016-10-23 00:00:00,260.0,0,0.0,-1,2016,10,23,6,True,16.0,260.0,False,False,True,False,False,False,False,False,False,False,False,False,True,False,False,False
01/01/2017,5669,5411,810,2017-01-26 00:00:00,124.0,1,23.05,-1,2017,1,26,3,False,8.0,124.0,False,True,False,False,False,False,False,False,False,False,False,False,True,False,False,False
01/07/2017,373,4215,810,2017-07-16 00:00:00,4938.0,1,254670.24,-1,2017,7,16,6,True,5.0,4938.0,False,False,True,False,False,False,False,False,False,False,False,False,True,False,False,False
01/02/2017,3972,5411,810,2017-02-07 00:00:00,372.0,1,153912.5,-1,2017,2,7,1,False,8.0,372.0,False,True,False,False,False,False,False,False,False,False,False,False,True,False,False,False
01/08/2017,4493,5641,810,2017-08-08 00:00:00,4490.0,1,214866.42,-1,2017,8,8,1,False,10.0,4490.0,False,True,False,False,False,False,False,False,False,False,False,False,True,False,False,False
01/08/2017,525,5812,810,2017-08-25 00:00:00,565.0,1,492085.83,-1,2017,8,25,4,False,11.0,565.0,False,False,True,False,False,False,False,False,False,False,False,False,True,False,False,False
01/12/2016,6931,5261,810,2016-12-29 00:00:00,804.0,1,201.0,-1,2016,12,29,3,False,8.0,804.0,False,True,False,False,False,False,False,False,False,False,False,False,True,False,False,False
01/08/2017,1016,5411,810,2017-08-09 00:00:00,1023.0,1,221213.39,-1,2017,8,9,2,False,8.0,1023.0,False,False,True,False,False,False,False,False,False,False,False,False,True,False,False,False
01/07/2017,9338,5691,810,2017-07-29 00:00:00,2398.0,0,0.0,-1,2017,7,29,5,True,10.0,2398.0,False,True,False,False,False,False,False,False,False,False,False,False,True,False,False,False
01/11/2016,2967,5977,810,2016-11-05 00:00:00,1039.29,0,0.0,-1,2016,11,5,5,True,11.0,1039.29,False,False,True,False,False,False,False,False,False,False,False,False,True,False,False,False
01/08/2017,3467,6010,810,2017-08-19 08:28:32,27000.0,1,124670.64,1,2017,8,19,5,True,7.0,27000.0,False,True,False,False,False,False,False,False,False,False,False,True,False,False,False,False
01/09/2017,2115,4814,810,2017-09-30 00:00:00,2000.0,1,46794.71,-1,2017,9,30,5,True,6.0,2000.0,False,False,True,False,False,False,False,False,False,False,False,False,True,False,False,False
01/07/2017,563,5533,810,2017-07-20 00:00:00,1800.0,1,213057.8,-1,2017,7,20,3,False,9.0,1800.0,False,False,True,False,False,False,False,False,False,False,False,False,True,False,False,False
01/12/2016,8212,5411,810,2016-12-25 00:00:00,1421.4,0,0.0,-1,2016,12,25,6,True,8.0,1421.4,False,True,False,False,False,False,False,False,False,False,False,False,True,False,False,False
01/05/2017,1472,5814,810,2017-05-24 00:00:00,141.0,1,200.0,-1,2017,5,24,2,False,11.0,141.0,False,False,True,False,False,False,False,False,False,False,False,False,True,False,False,False
01/01/2017,6488,5411,810,2017-01-13 00:00:00,242.1,1,175046.12,-1,2017,1,13,4,False,8.0,242.1,False,True,False,False,False,False,False,False,False,False,False,False,True,False,False,False
01/04/2017,9331,6011,810,2017-04-29 19:45:42,150000.0,1,2992.0,-1,2017,4,29,5,True,7.0,150000.0,False,True,False,False,False,False,False,False,False,False,False,False,False,False,False,True
01/04/2017,7052,5046,810,2017-04-05 00:00:00,29185.0,1,135557.3,-1,2017,4,5,2,False,1.0,29185.0,False,True,False,False,False,False,False,False,False,False,False,False,True,False,False,False
01/04/2017,529,6011,933,2017-04-23 00:00:00,250.0,1,211926.83,-1,2017,4,23,6,True,7.0,250.0,False,False,True,False,False,False,False,False,False,False,False,False,False,True,False,False
01/11/2016,7121,5995,810,2016-11-20 00:00:00,100.0,1,48940.94,-1,2016,11,20,6,True,11.0,100.0,False,True,False,False,False,False,False,False,False,False,False,False,True,False,False,False
01/11/2017,4870,5812,810,2017-11-04 00:00:00,1786.0,1,9214.99,-1,2017,11,4,5,True,11.0,1786.0,False,True,False,False,False,False,False,False,False,False,False,False,True,False,False,False
01/01/2017,9382,5499,810,2017-01-28 00:00:00,850.0,0,0.0,-1,2017,1,28,5,True,8.0,850.0,False,True,False,False,False,False,False,False,False,False,False,False,True,False,False,False
01/01/2017,5319,5814,810,2017-01-20 00:00:00,68.0,1,7552.01,-1,2017,1,20,4,False,11.0,68.0,False,True,False,False,False,False,False,False,False,False,False,False,True,False,False,False
01/02/2017,8785,5411,810,2017-02-19 00:00:00,1500.0,0,0.0,-1,2017,2,19,6,True,8.0,1500.0,False,True,False,False,False,False,False,False,False,False,False,False,True,False,False,False
01/06/2017,2780,5411,810,2017-06-28 00:00:00,481.0,0,0.0,-1,2017,6,28,2,False,8.0,481.0,False,False,True,False,False,False,False,False,False,False,False,False,True,False,False,False
01/06/2017,3115,5944,810,2017-06-08 00:00:00,30699.0,0,0.0,-1,2017,6,8,3,False,11.0,30699.0,False,False,True,False,False,False,False,False,False,False,False,False,True,False,False,False
01/12/2017,4598,4121,810,2017-12-27 00:00:00,99.0,0,0.0,-1,2017,12,27,2,False,5.0,99.0,False,True,False,False,False,False,False,False,False,False,False,False,True,False,False,False
01/04/2017,4317,5733,810,2017-04-12 00:00:00,32459.0,1,119306.3,-1,2017,4,12,2,False,11.0,32459.0,False,True,False,False,False,False,False,False,False,False,False,False,True,False,False,False
01/12/2016,6883,5499,398,2016-12-03 00:00:00,2441.0,1,1585.0,-1,2016,12,3,5,True,8.0,2441.0,False,True,False,False,False,False,False,False,False,False,False,False,True,False,False,False
01/08/2017,1673,5814,810,2017-08-13 00:00:00,800.0,1,2061.0,-1,2017,8,13,6,True,11.0,800.0,False,False,True,False,False,False,False,False,False,False,False,False,True,False,False,False
01/12/2016,6207,5977,810,2016-12-22 00:00:00,11782.0,0,0.0,-1,2016,12,22,3,False,11.0,11782.0,False,True,False,False,False,False,False,False,False,False,False,False,True,False,False,False
01/11/2016,8795,5499,810,2016-11-03 00:00:00,103.02,0,0.0,-1,2016,11,3,3,False,8.0,103.02,False,True,False,False,False,False,False,False,False,False,False,False,True,False,False,False
01/01/2017,7645,5411,810,2017-01-14 00:00:00,5830.78,1,799.0,-1,2017,1,14,5,True,8.0,5830.78,False,True,False,False,False,False,False,False,False,False,False,False,True,False,False,False
01/01/2017,8332,5411,810,2017-01-17 00:00:00,943.0,0,0.0,-1,2017,1,17,1,False,8.0,943.0,False,True,False,False,False,False,False,False,False,False,False,False,True,False,False,False
01/07/2017,3674,5411,810,2017-07-26 00:00:00,160.0,1,95065.65,-1,2017,7,26,2,False,8.0,160.0,False,True,False,False,False,False,False,False,False,False,False,False,True,False,False,False
01/05/2017,9237,7929,810,2017-05-14 00:00:00,1050.0,0,0.0,-1,2017,5,14,6,True,16.0,1050.0,False,True,False,False,False,False,False,False,False,False,False,False,True,False,False,False
01/09/2017,2675,5541,810,2017-09-16 00:00:00,1000.31,1,14580.98,-1,2017,9,16,5,True,9.0,1000.31,False,False,True,False,False,False,False,False,False,False,False,False,True,False,False,False
01/11/2016,1371,5411,810,2016-11-20 00:00:00,773.0,1,156266.79,-1,2016,11,20,6,True,8.0,773.0,False,False,True,False,False,False,False,False,False,False,False,False,True,False,False,False
01/08/2017,9998,5641,810,2017-08-25 00:00:00,1648.0,0,0.0,-1,2017,8,25,4,False,10.0,1648.0,False,True,False,False,False,False,False,False,False,False,False,False,True,False,False,False
01/07/2017,7026,5411,810,2017-07-09 00:00:00,448.54,0,0.0,-1,2017,7,9,6,True,8.0,448.54,False,True,False,False,False,False,False,False,False,False,False,False,True,False,False,False
01/02/2017,8794,5411,810,2017-02-10 00:00:00,25.0,1,5184.58,-1,2017,2,10,4,False,8.0,25.0,False,True,False,False,False,False,False,False,False,False,False,False,True,False,False,False
01/11/2016,5815,5411,810,2016-11-24 00:00:00,715.77,0,0.0,-1,2016,11,24,3,False,8.0,715.77,False,True,False,False,False,False,False,False,False,False,False,False,True,False,False,False
01/07/2017,8492,5411,810,2017-07-04 00:00:00,166.0,0,0.0,-1,2017,7,4,1,False,8.0,166.0,False,True,False,False,False,False,False,False,False,False,False,False,True,False,False,False
01/02/2017,6279,5411,810,2017-02-28 00:00:00,1260.0,1,297963.35,-1,2017,2,28,1,False,8.0,1260.0,False,True,False,False,False,False,False,False,False,False,False,False,True,False,False,False
01/12/2016,10062,5611,810,2016-12-08 00:00:00,4100.0,1,107126.35,-1,2016,12,8,3,False,10.0,4100.0,False,True,False,False,False,False,False,False,False,False,False,False,True,False,False,False
01/09/2017,2380,6051,810,2017-09-12 00:00:00,1010.0,1,62390.6,-1,2017,9,12,1,False,7.0,1010.0,False,False,True,False,False,False,False,False,False,False,False,False,True,False,False,False
01/12/2016,7222,6011,810,2016-12-29 17:08:40,2800.0,1,199.0,-1,2016,12,29,3,False,7.0,2800.0,False,True,False,False,False,False,False,False,False,False,False,False,False,False,False,True
01/05/2017,2358,5541,810,2017-05-27 00:00:00,2150.0,1,512689.01,-1,2017,5,27,5,True,9.0,2150.0,False,False,True,False,False,False,False,False,False,False,False,False,True,False,False,False
01/05/2017,5608,5499,810,2017-05-10 00:00:00,751.0,1,40.5,-1,2017,5,10,2,False,8.0,751.0,False,True,False,False,False,False,False,False,False,False,False,False,True,False,False,False
01/02/2017,5762,5411,810,2017-02-10 00:00:00,70.0,1,2864.66,-1,2017,2,10,4,False,8.0,70.0,False,True,False,False,False,False,False,False,False,False,False,False,True,False,False,False
01/02/2017,376,4111,810,2017-02-08 00:00:00,1430.0,1,116577.04,-1,2017,2,8,2,False,5.0,1430.0,False,False,True,False,False,False,False,False,False,False,False,False,True,False,False,False
01/12/2016,523,5411,810,2016-12-18 00:00:00,729.0,1,462893.61,-1,2016,12,18,6,True,8.0,729.0,False,False,True,False,False,False,False,False,False,False,False,False,True,False,False,False
01/03/2017,1005,5541,810,2017-03-31 00:00:00,1254.64,0,0.0,-1,2017,3,31,4,False,9.0,1254.64,False,False,True,False,False,False,False,False,False,False,False,False,True,False,False,False
01/06/2017,9,5999,810,2017-06-04 21:23:43,1906.09,0,0.0,-1,2017,6,4,6,True,11.0,1906.09,True,False,False,False,False,False,False,False,False,False,False,False,True,False,False,False
01/11/2017,183,5411,810,2017-11-29 00:00:00,1223.93,0,0.0,-1,2017,11,29,2,False,8.0,1223.93,False,False,False,False,True,False,False,False,False,False,False,False,True,False,False,False
01/03/2017,8622,5411,810,2017-03-21 00:00:00,52.0,0,0.0,-1,2017,3,21,1,False,8.0,52.0,False,True,False,False,False,False,False,False,False,False,False,False,True,False,False,False
01/09/2017,6943,5541,810,2017-09-18 00:00:00,462.81,0,0.0,-1,2017,9,18,0,False,9.0,462.81,False,True,False,False,False,False,False,False,False,False,False,False,True,False,False,False
01/07/2017,2089,5411,810,2017-07-06 00:00:00,573.0,1,177622.68,-1,2017,7,6,3,False,8.0,573.0,False,False,True,False,False,False,False,False,False,False,False,False,True,False,False,False
01/04/2017,7643,6011,810,2017-04-20 09:13:03,18000.0,1,378480.64,-1,2017,4,20,3,False,7.0,18000.0,False,True,False,False,False,False,False,False,False,False,False,False,False,False,False,True
01/07/2017,10163,5411,978,2017-07-11 00:00:00,40.8,0,0.0,-1,2017,7,11,1,False,8.0,40.8,False,True,False,False,False,False,False,False,False,False,False,False,True,False,False,False
01/11/2016,5366,5200,810,2016-11-12 00:00:00,256.0,1,551.5,-1,2016,11,12,5,True,8.0,256.0,False,True,False,False,False,False,False,False,False,False,False,False,True,False,False,False
01/02/2017,8260,5814,810,2017-02-14 00:00:00,75.0,0,0.0,-1,2017,2,14,1,False,11.0,75.0,False,True,False,False,False,False,False,False,False,False,False,False,True,False,False,False
01/04/2017,2381,5411,810,2017-04-03 00:00:00,209.5,1,14708.99,-1,2017,4,3,0,False,8.0,209.5,False,False,True,False,False,False,False,False,False,False,False,False,True,False,False,False
01/06/2017,1360,6011,810,2017-06-11 00:00:00,900.0,0,0.0,-1,2017,6,11,6,True,7.0,900.0,False,False,True,False,False,False,False,False,False,False,False,False,False,False,True,False
01/03/2017,7918,5311,810,2017-03-02 00:00:00,50.0,1,53251.04,-1,2017,3,2,3,False,8.0,50.0,False,True,False,False,False,False,False,False,False,False,False,False,True,False,False,False
01/12/2016,9852,6011,810,2016-12-29 12:04:59,175000.0,0,0.0,-1,2016,12,29,3,False,7.0,175000.0,False,True,False,False,False,False,False,False,False,False,False,False,False,False,False,True
01/09/2017,1410,5912,810,2017-09-30 00:00:00,186.8,1,133519.22,-1,2017,9,30,5,True,11.0,186.8,False,False,True,False,False,False,False,False,False,False,False,False,True,False,False,False
01/02/2017,10122,5999,810,2017-02-25 00:00:00,388.0,0,0.0,-1,2017,2,25,5,True,11.0,388.0,False,True,False,False,False,False,False,False,False,False,False,False,True,False,False,False
01/10/2017,1764,5641,810,2017-10-06 00:00:00,360.0,1,91078.23,-1,2017,10,6,4,False,10.0,360.0,False,False,True,False,False,False,False,False,False,False,False,False,True,False,False,False
01/01/2017,4092,5942,810,2017-01-28 00:00:00,165.0,0,0.0,-1,2017,1,28,5,True,11.0,165.0,False,True,False,False,False,False,False,False,False,False,False,False,True,False,False,False
01/08/2017,850,5661,810,2017-08-29 00:00:00,3990.0,1,1791264.07,-1,2017,8,29,1,False,10.0,3990.0,False,False,True,False,False,False,False,False,False,False,False,False,True,False,False,False
01/03/2018,5515,5533,810,2018-03-29 00:00:00,969.0,0,0.0,-1,2018,3,29,3,False,9.0,969.0,False,True,False,False,False,False,False,False,False,False,False,False,True,False,False,False
01/02/2017,7415,5411,810,2017-02-06 00:00:00,315.0,1,33.0,-1,2017,2,6,0,False,8.0,315.0,False,True,False,False,False,False,False,False,False,False,False,False,True,False,False,False
01/04/2017,90,5411,810,2017-04-13 00:00:00,101.8,0,0.0,-1,2017,4,13,3,False,8.0,101.8,False,False,False,False,False,True,False,False,False,False,False,False,True,False,False,False
01/07/2017,4927,8099,810,2017-07-07 00:00:00,690.0,1,187595.24,-1,2017,7,7,4,False,17.0,690.0,False,True,False,False,False,False,False,False,False,False,False,False,True,False,False,False
01/12/2016,6812,4900,810,2016-12-06 00:00:00,5000.0,0,0.0,-1,2016,12,6,1,False,6.0,5000.0,False,True,False,False,False,False,False,False,False,False,False,False,True,False,False,False
01/07/2017,7709,5942,810,2017-07-20 00:00:00,43.0,1,119795.79,-1,2017,7,20,3,False,11.0,43.0,False,True,False,False,False,False,False,False,False,False,False,False,True,False,False,False
01/05/2017,6827,6011,810,2017-05-02 16:01:46,1000.0,0,0.0,1,2017,5,2,1,False,7.0,1000.0,False,True,False,False,False,False,False,False,False,False,False,True,False,False,False,False
01/02/2017,81,5814,810,2017-02-08 00:00:00,179.0,1,225603.28,-1,2017,2,8,2,False,11.0,179.0,False,False,False,False,False,True,False,False,False,False,False,False,True,False,False,False
01/03/2017,6595,5331,810,2017-03-22 00:00:00,885.0,1,180757.31,-1,2017,3,22,2,False,8.0,885.0,False,True,False,False,False,False,False,False,False,False,False,False,True,False,False,False
01/06/2017,7948,5812,810,2017-06-20 00:00:00,1910.0,1,243529.89,-1,2017,6,20,1,False,11.0,1910.0,False,True,False,False,False,False,False,False,False,False,False,False,True,False,False,False
01/12/2016,9674,5411,810,2016-12-14 00:00:00,877.0,0,0.0,-1,2016,12,14,2,False,8.0,877.0,False,True,False,False,False,False,False,False,False,False,False,False,True,False,False,False
01/09/2017,545,5942,810,2017-09-01 00:00:00,545.0,1,150519.49,-1,2017,9,1,4,False,11.0,545.0,False,False,True,False,False,False,False,False,False,False,False,False,True,False,False,False
01/06/2017,2212,5814,810,2017-06-28 00:00:00,179.0,1,94827.3,-1,2017,6,28,2,False,11.0,179.0,False,False,True,False,False,False,False,False,False,False,False,False,True,False,False,False
01/11/2016,1478,5499,810,2016-11-28 00:00:00,1391.0,1,35595.38,-1,2016,11,28,0,False,8.0,1391.0,False,False,True,False,False,False,False,False,False,False,False,False,True,False,False,False
01/06/2017,2491,6300,810,2017-06-06 00:00:00,4500.0,1,581555.09,-1,2017,6,6,1,False,7.0,4500.0,False,False,True,False,False,False,False,False,False,False,False,False,True,False,False,False
01/09/2017,1933,4121,810,2017-09-13 00:00:00,95.0,1,132574.84,-1,2017,9,13,2,False,5.0,95.0,False,False,True,False,False,False,False,False,False,False,False,False,True,False,False,False
01/03/2017,4564,7995,810,2017-03-07 00:00:00,2500.0,1,191672.94,-1,2017,3,7,1,False,16.0,2500.0,False,True,False,False,False,False,False,False,False,False,False,False,True,False,False,False
01/12/2017,3259,5411,810,2017-12-22 00:00:00,9628.82,1,109319.81,-1,2017,12,22,4,False,8.0,9628.82,False,False,True,False,False,False,False,False,False,False,False,False,True,False,False,False
01/06/2017,1297,5411,810,2017-06-26 00:00:00,367.06,1,169773.06,-1,2017,6,26,0,False,8.0,367.06,False,False,True,False,False,False,False,False,False,False,False,False,True,False,False,False
01/12/2016,3143,5813,810,2016-12-02 00:00:00,580.0,1,42409.42,-1,2016,12,2,4,False,11.0,580.0,False,False,True,False,False,False,False,False,False,False,False,False,True,False,False,False
01/02/2017,3399,5977,810,2017-02-27 00:00:00,484.0,1,7581.6,-1,2017,2,27,0,False,11.0,484.0,False,True,False,False,False,False,False,False,False,False,False,False,True,False,False,False
01/03/2017,8053,6011,810,2017-03-08 00:00:00,300000.0,1,53270.87,-1,2017,3,8,2,False,7.0,300000.0,False,True,False,False,False,False,False,False,False,False,False,False,False,False,True,False
01/09/2017,3918,4511,810,2017-09-11 00:00:00,12940.0,1,34502.51,-1,2017,9,11,0,False,5.0,12940.0,False,True,False,False,False,False,False,False,False,False,False,False,True,False,False,False
01/11/2016,906,5411,810,2016-11-21 00:00:00,383.27,1,15053.51,-1,2016,11,21,0,False,8.0,383.27,False,False,True,False,False,False,False,False,False,False,False,False,True,False,False,False
01/10/2017,1240,6011,810,2017-10-15 14:14:32,10000.0,1,224646.85,-1,2017,10,15,6,True,7.0,10000.0,False,False,True,False,False,False,False,False,False,False,False,False,False,False,False,True
01/01/2017,4249,5411,810,2017-01-24 00:00:00,1980.94,0,0.0,-1,2017,1,24,1,False,8.0,1980.94,False,True,False,False,False,False,False,False,False,False,False,False,True,False,False,False
01/06/2017,4433,4812,810,2017-06-12 00:00:00,2490.0,0,0.0,-1,2017,6,12,0,False,6.0,2490.0,False,True,False,False,False,False,False,False,False,False,False,False,True,False,False,False
01/08/2017,341,5651,975,2017-08-22 00:00:00,22.36,1,411455.41,-1,2017,8,22,1,False,10.0,22.36,False,False,True,False,False,False,False,False,False,False,False,False,True,False,False,False
01/06/2017,1753,5812,810,2017-06-08 00:00:00,350.0,1,199505.29,-1,2017,6,8,3,False,11.0,350.0,False,False,True,False,False,False,False,False,False,False,False,False,True,False,False,False
01/07/2017,1360,7941,810,2017-07-18 00:00:00,28800.0,0,0.0,-1,2017,7,18,1,False,16.0,28800.0,False,False,True,False,False,False,False,False,False,False,False,False,True,False,False,False
01/01/2017,6337,6012,810,2017-01-16 09:31:13,15000.0,1,7103.11,1,2017,1,16,0,False,7.0,15000.0,False,True,False,False,False,False,False,False,False,False,False,True,False,False,False,False
01/07/2017,3088,5541,810,2017-07-10 00:00:00,403.93,0,0.0,-1,2017,7,10,0,False,9.0,403.93,False,False,True,False,False,False,False,False,False,False,False,False,True,False,False,False
01/02/2017,6009,5211,810,2017-02-02 00:00:00,500.0,0,0.0,-1,2017,2,2,3,False,8.0,500.0,False,True,False,False,False,False,False,False,False,False,False,False,True,False,False,False
01/07/2017,7075,5722,810,2017-07-25 00:00:00,6764.0,1,876799.29,-1,2017,7,25,1,False,11.0,6764.0,False,True,False,False,False,False,False,False,False,False,False,False,True,False,False,False
01/04/2017,1553,5699,810,2017-04-09 00:00:00,2999.0,1,293980.95,-1,2017,4,9,6,True,10.0,2999.0,False,False,True,False,False,False,False,False,False,False,False,False,True,False,False,False
01/12/2016,2201,5331,810,2016-12-11 00:00:00,684.0,1,134039.35,-1,2016,12,11,6,True,8.0,684.0,False,False,True,False,False,False,False,False,False,False,False,False,True,False,False,False
01/12/2016,7063,5691,810,2016-12-20 00:00:00,7529.0,1,300.0,-1,2016,12,20,1,False,10.0,7529.0,False,True,False,False,False,False,False,False,False,False,False,False,True,False,False,False
01/05/2017,3825,5964,810,2017-05-28 00:00:00,43.31,0,0.0,-1,2017,5,28,6,True,12.0,43.31,False,True,False,False,False,False,False,False,False,False,False,False,True,False,False,False
01/12/2016,8596,5541,810,2016-12-23 00:00:00,1820.0,0,0.0,-1,2016,12,23,4,False,9.0,1820.0,False,True,False,False,False,False,False,False,False,False,False,False,True,False,False,False
01/08/2017,2625,6012,810,2017-08-15 05:29:54,100.0,0,0.0,1,2017,8,15,1,False,7.0,100.0,False,False,True,False,False,False,False,True,False,False,False,False,False,False,False,False
01/03/2017,1939,5719,810,2017-03-25 00:00:00,2300.0,1,78297.54,-1,2017,3,25,5,True,11.0,2300.0,False,False,True,False,False,False,False,False,False,False,False,False,True,False,False,False
01/08/2017,480,8043,810,2017-08-24 00:00:00,11704.6,1,76705.78,-1,2017,8,24,3,False,17.0,11704.6,False,False,True,False,False,False,False,False,False,False,False,False,True,False,False,False
01/07/2017,5394,5912,810,2017-07-28 00:00:00,3239.0,1,273204.4,-1,2017,7,28,4,False,11.0,3239.0,False,True,False,False,False,False,False,False,False,False,False,False,True,False,False,False
01/02/2017,7161,5812,810,2017-02-17 00:00:00,170.0,1,39416.39,-1,2017,2,17,4,False,11.0,170.0,False,True,False,False,False,False,False,False,False,False,False,False,True,False,False,False
01/09/2017,581,5411,810,2017-09-27 00:00:00,35.0,1,134363.48,-1,2017,9,27,2,False,8.0,35.0,False,False,True,False,False,False,False,False,False,False,False,False,True,False,False,False
01/05/2017,5429,5411,978,2017-05-04 00:00:00,206.39,1,212773.79,-1,2017,5,4,3,False,8.0,206.39,False,True,False,False,False,False,False,False,False,False,False,False,True,False,False,False
01/08/2017,3500,5411,810,2017-08-24 00:00:00,344.0,1,125073.06,-1,2017,8,24,3,False,8.0,344.0,False,True,False,False,False,False,False,False,False,False,False,False,True,False,False,False
01/06/2017,8262,8099,810,2017-06-30 00:00:00,400.0,0,0.0,-1,2017,6,30,4,False,17.0,400.0,False,True,False,False,False,False,False,False,False,False,False,False,True,False,False,False
01/01/2017,7212,4112,810,2017-01-08 00:00:00,11180.1,0,0.0,1,2017,1,8,6,True,5.0,11180.1,False,True,False,False,False,False,True,False,False,False,False,False,False,False,False,False
01/05/2017,3194,5411,810,2017-05-18 00:00:00,127.13,1,96779.23,-1,2017,5,18,3,False,8.0,127.13,False,False,True,False,False,False,False,False,False,False,False,False,True,False,False,False
01/12/2016,3212,5921,810,2016-12-31 00:00:00,2218.0,1,23494.04,-1,2016,12,31,5,True,11.0,2218.0,False,False,True,False,False,False,False,False,False,False,False,False,True,False,False,False
01/06/2017,736,6011,810,2017-06-19 18:32:06,100000.0,1,297285.59,-1,2017,6,19,0,False,7.0,100000.0,False,False,True,False,False,False,False,False,False,False,False,False,False,False,False,True
01/12/2016,7421,6012,810,2016-12-13 16:38:15,18050.0,1,627.7,1,2016,12,13,1,False,7.0,18050.0,False,True,False,False,False,False,False,False,False,False,False,True,False,False,False,False
01/10/2017,2000,5999,810,2017-10-28 10:49:43,200.0,1,39174.51,-1,2017,10,28,5,True,11.0,200.0,False,False,True,False,False,False,False,False,False,False,False,False,True,False,False,False
01/07/2017,1838,5499,810,2017-07-29 00:00:00,45.5,1,227491.27,-1,2017,7,29,5,True,8.0,45.5,False,False,True,False,False,False,False,False,False,False,False,False,True,False,False,False
01/05/2017,3532,5411,810,2017-05-23 00:00:00,4810.18,1,89712.63,-1,2017,5,23,1,False,8.0,4810.18,False,True,False,False,False,False,False,False,False,False,False,False,True,False,False,False
01/01/2017,1398,7997,810,2017-01-28 00:00:00,76.0,1,75285.68,-1,2017,1,28,5,True,16.0,76.0,False,False,True,False,False,False,False,False,False,False,False,False,True,False,False,False
01/06/2017,6032,5411,810,2017-06-03 00:00:00,516.0,0,0.0,-1,2017,6,3,5,True,8.0,516.0,False,True,False,False,False,False,False,False,False,False,False,False,True,False,False,False
01/01/2017,7470,5261,810,2017-01-12 00:00:00,1694.0,1,53297.25,-1,2017,1,12,3,False,8.0,1694.0,False,True,False,False,False,False,False,False,False,False,False,False,True,False,False,False
01/06/2017,6548,6051,810,2017-06-09 00:00:00,2.72,1,59864.41,-1,2017,6,9,4,False,7.0,2.72,False,True,False,False,False,False,False,False,False,False,False,False,True,False,False,False
01/06/2017,2726,5812,810,2017-06-21 00:00:00,1100.0,1,190850.33,-1,2017,6,21,2,False,11.0,1100.0,False,False,True,False,False,False,False,False,False,False,False,False,True,False,False,False
01/03/2017,6604,5411,810,2017-03-04 00:00:00,618.0,0,0.0,-1,2017,3,4,5,True,8.0,618.0,False,True,False,False,False,False,False,False,False,False,False,False,True,False,False,False
01/01/2017,7339,5311,978,2017-01-05 00:00:00,21.4,1,3083.0,-1,2017,1,5,3,False,8.0,21.4,False,True,False,False,False,False,False,False,False,False,False,False,True,False,False,False
01/07/2017,8327,5814,810,2017-07-27 00:00:00,75.0,0,0.0,-1,2017,7,27,3,False,11.0,75.0,False,True,False,False,False,False,False,False,False,False,False,False,True,False,False,False
01/07/2017,886,5411,810,2017-07-15 00:00:00,790.0,1,51105.98,-1,2017,7,15,5,True,8.0,790.0,False,False,True,False,False,False,False,False,False,False,False,False,True,False,False,False
01/10/2017,2302,5814,810,2017-10-11 00:00:00,251.0,1,176522.36,-1,2017,10,11,2,False,11.0,251.0,False,False,True,False,False,False,False,False,False,False,False,False,True,False,False,False
01/05/2017,424,5411,810,2017-05-30 00:00:00,1357.64,1,29123.51,-1,2017,5,30,1,False,8.0,1357.64,False,False,True,False,False,False,False,False,False,False,False,False,True,False,False,False
01/02/2017,9166,5541,810,2017-02-08 00:00:00,115.0,1,52708.77,-1,2017,2,8,2,False,9.0,115.0,False,True,False,False,False,False,False,False,False,False,False,False,True,False,False,False
01/10/2017,4328,5661,810,2017-10-11 00:00:00,26000.0,1,744815.74,-1,2017,10,11,2,False,10.0,26000.0,False,True,False,False,False,False,False,False,False,False,False,False,True,False,False,False
01/08/2017,2760,5912,810,2017-08-08 00:00:00,141.0,1,384.75,-1,2017,8,8,1,False,11.0,141.0,False,False,True,False,False,False,False,False,False,False,False,False,True,False,False,False
01/03/2017,1544,5995,810,2017-03-04 00:00:00,1851.0,1,91224.49,-1,2017,3,4,5,True,11.0,1851.0,False,False,True,False,False,False,False,False,False,False,False,False,True,False,False,False
01/08/2017,5561,5732,810,2017-08-25 00:00:00,440.0,0,0.0,-1,2017,8,25,4,False,11.0,440.0,False,True,False,False,False,False,False,False,False,False,False,False,True,False,False,False
01/09/2017,10,5999,810,2017-09-13 06:05:58,50.0,0,0.0,-1,2017,9,13,2,False,11.0,50.0,True,False,False,False,False,False,False,False,False,False,False,False,True,False,False,False
01/05/2017,6966,5541,810,2017-05-09 00:00:00,796.0,1,51310.68,-1,2017,5,9,1,False,9.0,796.0,False,True,False,False,False,False,False,False,False,False,False,False,True,False,False,False
01/09/2017,1525,6012,810,2017-09-08 22:41:03,20000.0,1,209698.48,-1,2017,9,8,4,False,7.0,20000.0,False,False,True,False,False,False,False,False,True,False,False,False,False,False,False,False
01/03/2018,549,4121,810,2018-03-01 00:00:00,745.09,1,55306.47,-1,2018,3,1,3,False,5.0,745.09,False,False,True,False,False,False,False,False,False,False,False,False,True,False,False,False
01/01/2017,7531,5814,810,2017-01-08 00:00:00,85.0,0,0.0,-1,2017,1,8,6,True,11.0,85.0,False,True,False,False,False,False,False,False,False,False,False,False,True,False,False,False
01/01/2017,1960,5912,810,2017-01-22 00:00:00,465.0,1,318658.37,-1,2017,1,22,6,True,11.0,465.0,False,False,True,False,False,False,False,False,False,False,False,False,True,False,False,False
01/08/2017,3467,5921,810,2017-08-22 00:00:00,185.41,1,124670.64,-1,2017,8,22,1,False,11.0,185.41,False,True,False,False,False,False,False,False,False,False,False,False,True,False,False,False
01/05/2017,3453,5977,810,2017-05-14 00:00:00,992.0,0,0.0,-1,2017,5,14,6,True,11.0,992.0,False,True,False,False,False,False,False,False,False,False,False,False,True,False,False,False
01/09/2017,2675,6011,810,2017-09-17 00:00:00,6000.0,1,14580.98,-1,2017,9,17,6,True,7.0,6000.0,False,False,True,False,False,False,False,False,False,False,False,False,False,False,True,False
01/09/2017,563,5411,810,2017-09-11 00:00:00,258.3,1,213057.8,-1,2017,9,11,0,False,8.0,258.3,False,False,True,False,False,False,False,False,False,False,False,False,True,False,False,False
01/04/2017,505,5814,810,2017-04-25 00:00:00,276.0,1,142739.88,-1,2017,4,25,1,False,11.0,276.0,False,False,True,False,False,False,False,False,False,False,False,False,True,False,False,False
01/04/2017,1204,4784,810,2017-04-16 00:00:00,150.0,1,299423.83,-1,2017,4,16,6,True,5.0,150.0,False,False,True,False,False,False,False,False,False,False,False,False,True,False,False,False
01/06/2017,4229,6011,810,2017-06-11 00:00:00,1000.0,1,95184.47,-1,2017,6,11,6,True,7.0,1000.0,False,True,False,False,False,False,False,False,False,False,False,False,False,True,False,False
01/12/2016,5177,6011,810,2016-12-16 14:11:32,200000.0,1,103857.86,-1,2016,12,16,4,False,7.0,200000.0,False,True,False,False,False,False,False,False,False,False,False,False,False,False,False,True
01/05/2017,8581,5311,810,2017-05-17 00:00:00,25.5,0,0.0,-1,2017,5,17,2,False,8.0,25.5,False,True,False,False,False,False,False,False,False,False,False,False,True,False,False,False
01/01/2017,9080,5814,810,2017-01-15 00:00:00,233.0,0,0.0,-1,2017,1,15,6,True,11.0,233.0,False,True,False,False,False,False,False,False,False,False,False,False,True,False,False,False
01/07/2017,3565,5411,810,2017-07-07 00:00:00,570.0,0,0.0,-1,2017,7,7,4,False,8.0,570.0,False,True,False,False,False,False,False,False,False,False,False,False,True,False,False,False
01/01/2017,6889,5499,810,2017-01-06 00:00:00,176.0,0,0.0,-1,2017,1,6,4,False,8.0,176.0,False,True,False,False,False,False,False,False,False,False,False,False,True,False,False,False
01/12/2016,4821,7011,810,2016-12-14 00:00:00,30000.0,1,152453.12,-1,2016,12,14,2,False,4.0,30000.0,False,True,False,False,False,False,False,False,False,False,False,False,True,False,False,False
01/02/2017,7197,5411,810,2017-02-13 00:00:00,3639.09,0,0.0,-1,2017,2,13,0,False,8.0,3639.09,False,True,False,False,False,False,False,False,False,False,False,False,True,False,False,False
01/05/2017,4601,6011,810,2017-05-23 18:34:45,40000.0,1,173957.51,-1,2017,5,23,1,False,7.0,40000.0,False,True,False,False,False,False,False,False,False,False,False,False,False,False,False,True
01/07/2017,6268,5541,810,2017-07-01 00:00:00,172.0,0,0.0,-1,2017,7,1,5,True,9.0,172.0,False,True,False,False,False,False,False,False,False,False,False,False,True,False,False,False
01/10/2017,1481,7399,810,2017-10-13 00:00:00,199.42,1,122160.31,-1,2017,10,13,4,False,14.0,199.42,False,False,True,False,False,False,False,False,False,False,False,False,True,False,False,False
01/01/2017,9903,6011,810,2017-01-21 00:00:00,1000.0,0,0.0,-1,2017,1,21,5,True,7.0,1000.0,False,True,False,False,False,False,False,False,False,False,False,False,False,False,True,False
01/03/2017,396,5732,978,2017-03-23 00:00:00,953.11,0,0.0,-1,2017,3,23,3,False,11.0,953.11,False,False,True,False,False,False,False,False,False,False,False,False,True,False,False,False
01/08/2017,4419,6011,810,2017-08-16 16:48:19,100000.0,0,0.0,-1,2017,8,16,2,False,7.0,100000.0,False,True,False,False,False,False,False,False,False,False,False,False,False,False,False,True
01/05/2017,2483,6011,810,2017-05-02 12:07:41,20000.0,1,150206.49,-1,2017,5,2,1,False,7.0,20000.0,False,False,True,False,False,False,False,False,False,False,False,False,False,False,False,True
01/07/2017,6956,5812,810,2017-07-04 00:00:00,760.0,0,0.0,-1,2017,7,4,1,False,11.0,760.0,False,True,False,False,False,False,False,False,False,False,False,False,True,False,False,False
01/04/2017,2004,5691,810,2017-04-29 00:00:00,2091.0,1,205762.12,-1,2017,4,29,5,True,10.0,2091.0,False,False,True,False,False,False,False,False,False,False,False,False,True,False,False,False
01/06/2017,4395,6012,810,2017-06-23 00:00:00,2000.0,1,56535.59,1,2017,6,23,4,False,7.0,2000.0,False,True,False,False,False,False,False,True,False,False,False,False,False,False,False,False
01/09/2017,50,5411,810,2017-09-07 00:00:00,512.0,1,74592.37,-1,2017,9,7,3,False,8.0,512.0,False,False,False,False,False,True,False,False,False,False,False,False,True,False,False,False
01/05/2017,1594,6011,810,2017-05-17 17:06:20,14000.0,0,0.0,-1,2017,5,17,2,False,7.0,14000.0,False,False,True,False,False,False,False,False,False,False,False,False,False,False,False,True
01/08/2017,3377,5814,810,2017-08-01 00:00:00,167.0,0,0.0,-1,2017,8,1,1,False,11.0,167.0,False,False,False,True,False,False,False,False,False,False,False,False,True,False,False,False
01/05/2017,956,5411,810,2017-05-27 00:00:00,2923.56,1,101182.78,-1,2017,5,27,5,True,8.0,2923.56,False,False,True,False,False,False,False,False,False,False,False,False,True,False,False,False
01/03/2017,1104,6012,810,2017-03-28 00:00:00,5000.0,1,1543.0,-1,2017,3,28,1,False,7.0,5000.0,False,False,True,False,False,False,False,False,True,False,False,False,False,False,False,False
01/08/2017,8276,5411,810,2017-08-18 00:00:00,34.0,1,50036.14,-1,2017,8,18,4,False,8.0,34.0,False,True,False,False,False,False,False,False,False,False,False,False,True,False,False,False
01/05/2017,4474,7997,810,2017-05-21 00:00:00,314.0,1,259079.78,-1,2017,5,21,6,True,16.0,314.0,False,True,False,False,False,False,False,False,False,False,False,False,True,False,False,False
01/04/2017,1553,4121,810,2017-04-22 00:00:00,289.0,1,293980.95,-1,2017,4,22,5,True,5.0,289.0,False,False,True,False,False,False,False,False,False,False,False,False,True,False,False,False
01/12/2017,1176,5200,810,2017-12-20 00:00:00,98.0,1,304510.99,-1,2017,12,20,2,False,8.0,98.0,False,False,True,False,False,False,False,False,False,False,False,False,True,False,False,False
01/01/2017,4821,6011,810,2017-01-10 00:00:00,5000.0,1,152453.12,-1,2017,1,10,1,False,7.0,5000.0,False,True,False,False,False,False,False,False,False,False,False,False,False,False,True,False
01/05/2017,6966,5411,810,2017-05-14 00:00:00,806.5,1,51310.68,-1,2017,5,14,6,True,8.0,806.5,False,True,False,False,False,False,False,False,False,False,False,False,True,False,False,False
01/06/2017,443,5411,810,2017-06-04 00:00:00,340.0,1,103713.54,-1,2017,6,4,6,True,8.0,340.0,False,False,True,False,False,False,False,False,False,False,False,False,True,False,False,False
01/08/2017,373,5912,810,2017-08-19 00:00:00,1316.0,1,254670.24,-1,2017,8,19,5,True,11.0,1316.0,False,False,True,False,False,False,False,False,False,False,False,False,True,False,False,False
01/02/2017,1778,5541,810,2017-02-12 00:00:00,1499.63,1,242426.94,-1,2017,2,12,6,True,9.0,1499.63,False,False,True,False,False,False,False,False,False,False,False,False,True,False,False,False
01/03/2017,7058,5411,810,2017-03-09 00:00:00,1164.44,0,0.0,-1,2017,3,9,3,False,8.0,1164.44,False,True,False,False,False,False,False,False,False,False,False,False,True,False,False,False
01/12/2016,7130,4121,810,2016-12-24 00:00:00,421.0,1,633.0,-1,2016,12,24,5,True,5.0,421.0,False,True,False,False,False,False,False,False,False,False,False,False,True,False,False,False
01/11/2016,8795,5411,810,2016-11-15 00:00:00,178.0,0,0.0,-1,2016,11,15,1,False,8.0,178.0,False,True,False,False,False,False,False,False,False,False,False,False,True,False,False,False
01/12/2016,5822,5411,810,2016-12-22 00:00:00,310.8,0,0.0,-1,2016,12,22,3,False,8.0,310.8,False,True,False,False,False,False,False,False,False,False,False,False,True,False,False,False
01/04/2017,2906,5499,810,2017-04-15 00:00:00,475.69,0,0.0,-1,2017,4,15,5,True,8.0,475.69,False,False,True,False,False,False,False,False,False,False,False,False,True,False,False,False
01/07/2017,5428,5211,810,2017-07-27 00:00:00,450.0,0,0.0,-1,2017,7,27,3,False,8.0,450.0,False,True,False,False,False,False,False,False,False,False,False,False,True,False,False,False
01/03/2017,10104,5912,810,2017-03-25 00:00:00,296.0,0,0.0,-1,2017,3,25,5,True,11.0,296.0,False,True,False,False,False,False,False,False,False,False,False,False,True,False,False,False
01/01/2017,6610,5999,810,2017-01-16 17:01:38,1100.0,0,0.0,-1,2017,1,16,0,False,11.0,1100.0,False,True,False,False,False,False,False,False,False,False,False,False,True,False,False,False
01/05/2017,2396,5814,810,2017-05-16 00:00:00,381.0,1,217846.23,-1,2017,5,16,1,False,11.0,381.0,False,False,True,False,False,False,False,False,False,False,False,False,True,False,False,False
01/12/2016,9182,5812,810,2016-12-26 00:00:00,24500.0,0,0.0,-1,2016,12,26,0,False,11.0,24500.0,False,True,False,False,False,False,False,False,False,False,False,False,True,False,False,False
01/06/2017,4197,5311,810,2017-06-05 00:00:00,432.47,1,2793.56,-1,2017,6,5,0,False,8.0,432.47,False,True,False,False,False,False,False,False,False,False,False,False,True,False,False,False
01/04/2017,6624,5921,810,2017-04-26 00:00:00,404.0,1,86814.77,-1,2017,4,26,2,False,11.0,404.0,False,True,False,False,False,False,False,False,False,False,False,False,True,False,False,False
01/08/2017,4789,6011,810,2017-08-11 11:04:23,5000.0,1,39233.77,-1,2017,8,11,4,False,7.0,5000.0,False,True,False,False,False,False,False,False,False,False,False,False,False,False,False,True
01/11/2016,7683,5814,810,2016-11-19 00:00:00,199.0,0,0.0,-1,2016,11,19,5,True,11.0,199.0,False,True,False,False,False,False,False,False,False,False,False,False,True,False,False,False
01/06/2017,7026,5411,810,2017-06-06 00:00:00,96.5,0,0.0,-1,2017,6,6,1,False,8.0,96.5,False,True,False,False,False,False,False,False,False,False,False,False,True,False,False,False
01/12/2016,3030,5499,810,2016-12-02 00:00:00,305.0,1,78172.23,-1,2016,12,2,4,False,8.0,305.0,False,False,True,False,False,False,False,False,False,False,False,False,True,False,False,False
01/04/2017,3292,4814,810,2017-04-13 00:00:00,900.0,1,38968.58,-1,2017,4,13,3,False,6.0,900.0,False,False,True,False,False,False,False,False,False,False,False,False,True,False,False,False
01/08/2017,2071,5814,810,2017-08-05 00:00:00,90.0,1,245823.19,-1,2017,8,5,5,True,11.0,90.0,False,False,True,False,False,False,False,False,False,False,False,False,True,False,False,False
01/04/2017,8642,5912,810,2017-04-29 00:00:00,2044.47,0,0.0,-1,2017,4,29,5,True,11.0,2044.47,False,True,False,False,False,False,False,False,False,False,False,False,True,False,False,False
01/09/2017,3523,6010,810,2017-09-18 13:59:46,50000.0,1,205648.99,1,2017,9,18,0,False,7.0,50000.0,False,True,False,False,False,False,False,False,False,False,False,True,False,False,False,False
01/08/2017,2853,6011,810,2017-08-22 19:05:34,22900.0,1,239740.62,-1,2017,8,22,1,False,7.0,22900.0,False,False,True,False,False,False,False,False,False,False,False,False,False,False,False,True
01/06/2017,2125,5651,810,2017-06-17 00:00:00,899.0,1,3728.23,-1,2017,6,17,5,True,10.0,899.0,False,False,True,False,False,False,False,False,False,False,False,False,True,False,False,False
01/04/2017,8846,5541,810,2017-04-06 00:00:00,1088.69,1,312.34,-1,2017,4,6,3,False,9.0,1088.69,False,True,False,False,False,False,False,False,False,False,False,False,True,False,False,False
01/11/2017,2438,5814,810,2017-11-14 00:00:00,1050.0,1,190850.33,-1,2017,11,14,1,False,11.0,1050.0,False,False,True,False,False,False,False,False,False,False,False,False,True,False,False,False
01/04/2017,4058,5921,810,2017-04-04 00:00:00,399.0,1,276943.29,-1,2017,4,4,1,False,11.0,399.0,False,True,False,False,False,False,False,False,False,False,False,False,True,False,False,False
01/09/2017,4731,5331,810,2017-09-02 00:00:00,577.0,1,1114375.75,-1,2017,9,2,5,True,8.0,577.0,False,True,False,False,False,False,False,False,False,False,False,False,True,False,False,False
01/09/2017,4685,5999,810,2017-09-28 05:04:35,100.0,0,0.0,-1,2017,9,28,3,False,11.0,100.0,False,True,False,False,False,False,False,False,False,False,False,False,True,False,False,False
01/03/2017,1267,6011,810,2017-03-31 14:38:32,5000.0,1,67155.55,-1,2017,3,31,4,False,7.0,5000.0,False,False,True,False,False,False,False,False,False,False,False,False,False,False,False,True
01/02/2017,8260,5411,810,2017-02-02 00:00:00,692.46,0,0.0,-1,2017,2,2,3,False,8.0,692.46,False,True,False,False,False,False,False,False,False,False,False,False,True,False,False,False
01/01/2017,8977,5541,810,2017-01-30 00:00:00,1000.0,0,0.0,-1,2017,1,30,0,False,9.0,1000.0,False,True,False,False,False,False,False,False,False,False,False,False,True,False,False,False
01/07/2017,2784,5942,810,2017-07-11 00:00:00,850.0,0,0.0,-1,2017,7,11,1,False,11.0,850.0,False,False,True,False,False,False,False,False,False,False,False,False,True,False,False,False
01/09/2017,2449,5411,810,2017-09-05 00:00:00,297.0,1,67174.18,-1,2017,9,5,1,False,8.0,297.0,False,False,True,False,False,False,False,False,False,False,False,False,True,False,False,False
01/07/2017,2366,5541,810,2017-07-14 00:00:00,150.0,1,129563.06,-1,2017,7,14,4,False,9.0,150.0,False,False,True,False,False,False,False,False,False,False,False,False,True,False,False,False
01/05/2017,5436,6011,810,2017-05-25 00:00:00,150000.0,1,195294.61,-1,2017,5,25,3,False,7.0,150000.0,False,True,False,False,False,False,False,False,False,False,False,False,False,True,False,False
01/06/2017,1895,5411,810,2017-06-08 00:00:00,2913.15,1,21366.07,-1,2017,6,8,3,False,8.0,2913.15,False,False,True,False,False,False,False,False,False,False,False,False,True,False,False,False
01/05/2017,3552,5411,810,2017-05-24 00:00:00,581.64,0,0.0,-1,2017,5,24,2,False,8.0,581.64,False,True,False,False,False,False,False,False,False,False,False,False,True,False,False,False
01/05/2017,3763,5921,810,2017-05-14 00:00:00,431.0,1,28963.25,-1,2017,5,14,6,True,11.0,431.0,False,True,False,False,False,False,False,False,False,False,False,False,True,False,False,False
01/08/2017,380,5411,810,2017-08-06 00:00:00,1507.56,1,247438.74,-1,2017,8,6,6,True,8.0,1507.56,False,False,True,False,False,False,False,False,False,False,False,False,True,False,False,False
01/06/2017,2294,5411,810,2017-06-09 00:00:00,1347.0,1,164894.15,-1,2017,6,9,4,False,8.0,1347.0,False,False,True,False,False,False,False,False,False,False,False,False,True,False,False,False
01/05/2017,2581,5541,810,2017-05-16 00:00:00,1190.0,1,165723.69,-1,2017,5,16,1,False,9.0,1190.0,False,False,True,False,False,False,False,False,False,False,False,False,True,False,False,False
01/06/2017,3420,5541,810,2017-06-15 00:00:00,1185.0,1,114672.96,-1,2017,6,15,3,False,9.0,1185.0,False,True,False,False,False,False,False,False,False,False,False,False,True,False,False,False
01/06/2017,4543,5812,810,2017-06-20 00:00:00,200.6,0,0.0,-1,2017,6,20,1,False,11.0,200.6,False,True,False,False,False,False,False,False,False,False,False,False,True,False,False,False
01/02/2017,4141,5812,810,2017-02-08 00:00:00,217.0,1,76133.75,-1,2017,2,8,2,False,11.0,217.0,False,True,False,False,False,False,False,False,False,False,False,False,True,False,False,False
01/06/2017,9241,4214,840,2017-06-28 00:00:00,2.36,0,0.0,-1,2017,6,28,2,False,5.0,2.36,False,True,False,False,False,False,False,False,False,False,False,False,True,False,False,False
01/10/2017,6398,6011,810,2017-10-26 21:27:39,2000.0,1,238.7,1,2017,10,26,3,False,7.0,2000.0,False,True,False,False,False,False,False,False,False,False,False,True,False,False,False,False
01/09/2017,2929,6011,810,2017-09-16 11:10:01,700.0,0,0.0,-1,2017,9,16,5,True,7.0,700.0,False,False,True,False,False,False,False,False,False,False,False,False,False,False,False,True
01/09/2017,10,5533,810,2017-09-13 00:00:00,2372.9,0,0.0,-1,2017,9,13,2,False,9.0,2372.9,True,False,False,False,False,False,False,False,False,False,False,False,True,False,False,False
01/03/2018,1203,5411,810,2018-03-02 00:00:00,4212.26,1,121887.13,-1,2018,3,2,4,False,8.0,4212.26,False,False,True,False,False,False,False,False,False,False,False,False,True,False,False,False
01/05/2017,4120,5499,978,2017-05-16 00:00:00,1.84,0,0.0,-1,2017,5,16,1,False,8.0,1.84,False,True,False,False,False,False,False,False,False,False,False,False,True,False,False,False
01/08/2017,2962,5814,810,2017-08-26 00:00:00,210.0,0,0.0,-1,2017,8,26,5,True,11.0,210.0,False,False,True,False,False,False,False,False,False,False,False,False,True,False,False,False
01/08/2017,2776,5814,810,2017-08-07 00:00:00,715.0,1,150229.21,-1,2017,8,7,0,False,11.0,715.0,False,False,True,False,False,False,False,False,False,False,False,False,True,False,False,False
01/12/2016,8357,5812,810,2016-12-13 00:00:00,175.0,0,0.0,-1,2016,12,13,1,False,11.0,175.0,False,True,False,False,False,False,False,False,False,False,False,False,True,False,False,False
01/08/2017,5807,5411,810,2017-08-23 00:00:00,220.8,0,0.0,-1,2017,8,23,2,False,8.0,220.8,False,True,False,False,False,False,False,False,False,False,False,False,True,False,False,False
01/07/2017,1411,5411,810,2017-07-19 00:00:00,477.0,1,149850.58,-1,2017,7,19,2,False,8.0,477.0,False,False,True,False,False,False,False,False,False,False,False,False,True,False,False,False
01/08/2017,5837,5411,810,2017-08-18 00:00:00,205.0,0,0.0,-1,2017,8,18,4,False,8.0,205.0,False,True,False,False,False,False,False,False,False,False,False,False,True,False,False,False
01/03/2018,3248,7997,810,2018-03-16 00:00:00,2300.0,1,310672.32,-1,2018,3,16,4,False,16.0,2300.0,False,False,True,False,False,False,False,False,False,False,False,False,True,False,False,False
01/06/2017,2062,6011,810,2017-06-23 19:11:12,500.0,1,220500.27,-1,2017,6,23,4,False,7.0,500.0,False,False,True,False,False,False,False,False,False,False,False,False,False,False,False,True
01/02/2018,4867,5814,810,2018-02-28 00:00:00,250.12,1,319386.11,-1,2018,2,28,2,False,11.0,250.12,False,True,False,False,False,False,False,False,False,False,False,False,True,False,False,False
01/12/2016,6519,5541,810,2016-12-20 00:00:00,1314.76,1,1248.0,-1,2016,12,20,1,False,9.0,1314.76,False,True,False,False,False,False,False,False,False,False,False,False,True,False,False,False
01/01/2017,2596,6011,810,2017-01-23 07:09:49,300.0,1,34057.44,-1,2017,1,23,0,False,7.0,300.0,False,False,True,False,False,False,False,False,False,False,False,False,False,False,False,True
01/01/2017,6951,4829,810,2017-01-16 19:31:06,6000.0,1,583911.45,1,2017,1,16,0,False,7.0,6000.0,False,True,False,False,False,False,False,True,False,False,False,False,False,False,False,False
01/07/2017,1002,4511,810,2017-07-05 00:00:00,7474.0,0,0.0,-1,2017,7,5,2,False,5.0,7474.0,False,False,True,False,False,False,False,False,False,False,False,False,True,False,False,False
01/05/2017,4317,5945,810,2017-05-16 00:00:00,531.64,1,119306.3,-1,2017,5,16,1,False,11.0,531.64,False,True,False,False,False,False,False,False,False,False,False,False,True,False,False,False
01/06/2017,1397,5814,810,2017-06-16 00:00:00,615.0,1,380229.19,-1,2017,6,16,4,False,11.0,615.0,False,False,True,False,False,False,False,False,False,False,False,False,True,False,False,False
01/07/2017,4702,6011,810,2017-07-18 09:45:09,28000.0,1,310264.6,-1,2017,7,18,1,False,7.0,28000.0,False,True,False,False,False,False,False,False,False,False,False,False,False,False,False,True
01/09/2017,8407,5977,810,2017-09-04 00:00:00,641.25,0,0.0,-1,2017,9,4,0,False,11.0,641.25,False,True,False,False,False,False,False,False,False,False,False,False,True,False,False,False
01/04/2017,4682,5411,810,2017-04-26 00:00:00,85.0,1,3388.49,-1,2017,4,26,2,False,8.0,85.0,False,True,False,False,False,False,False,False,False,False,False,False,True,False,False,False
01/03/2018,1203,5655,810,2018-03-17 00:00:00,6105.0,1,121887.13,-1,2018,3,17,5,True,10.0,6105.0,False,False,True,False,False,False,False,False,False,False,False,False,True,False,False,False
01/05/2017,1262,6011,810,2017-05-30 00:00:00,2000.0,1,153296.15,-1,2017,5,30,1,False,7.0,2000.0,False,False,True,False,False,False,False,False,False,False,False,False,False,True,False,False
01/02/2017,7250,5411,810,2017-02-07 00:00:00,107.5,1,148942.36,-1,2017,2,7,1,False,8.0,107.5,False,True,False,False,False,False,False,False,False,False,False,False,True,False,False,False
01/02/2017,7520,5411,810,2017-02-20 00:00:00,121.8,1,26915.05,-1,2017,2,20,0,False,8.0,121.8,False,True,False,False,False,False,False,False,False,False,False,False,True,False,False,False
01/07/2017,5760,5912,810,2017-07-07 00:00:00,10.45,0,0.0,-1,2017,7,7,4,False,11.0,10.45,False,True,False,False,False,False,False,False,False,False,False,False,True,False,False,False
01/03/2017,3331,7832,810,2017-03-14 00:00:00,350.0,1,151101.11,-1,2017,3,14,1,False,16.0,350.0,False,False,False,True,False,False,False,False,False,False,False,False,True,False,False,False
01/06/2017,6912,6011,810,2017-06-29 09:19:22,40000.0,0,0.0,-1,2017,6,29,3,False,7.0,40000.0,False,True,False,False,False,False,False,False,False,False,False,False,False,False,False,True
01/03/2017,3864,5411,810,2017-03-16 00:00:00,307.58,1,94970.74,-1,2017,3,16,3,False,8.0,307.58,False,True,False,False,False,False,False,False,False,False,False,False,True,False,False,False
01/07/2017,1736,5814,810,2017-07-02 00:00:00,846.0,1,166599.26,-1,2017,7,2,6,True,11.0,846.0,False,False,True,False,False,False,False,False,False,False,False,False,True,False,False,False
01/02/2017,9325,5999,810,2017-02-13 22:19:59,300.0,1,119937.38,-1,2017,2,13,0,False,11.0,300.0,False,True,False,False,False,False,False,False,False,False,False,False,True,False,False,False
01/07/2017,9969,5814,810,2017-07-23 00:00:00,160.0,1,12757.18,-1,2017,7,23,6,True,11.0,160.0,False,True,False,False,False,False,False,False,False,False,False,False,True,False,False,False
01/09/2017,6970,5411,810,2017-09-07 00:00:00,697.0,0,0.0,-1,2017,9,7,3,False,8.0,697.0,False,True,False,False,False,False,False,False,False,False,False,False,True,False,False,False
01/05/2017,1139,6011,810,2017-05-05 00:00:00,3000.0,1,123997.16,-1,2017,5,5,4,False,7.0,3000.0,False,False,True,False,False,False,False,False,False,False,False,False,False,False,True,False
01/10/2016,5755,7997,810,2016-10-18 00:00:00,10.0,1,154765.3,-1,2016,10,18,1,False,16.0,10.0,False,True,False,False,False,False,False,False,False,False,False,False,True,False,False,False
01/04/2017,804,5814,810,2017-04-20 00:00:00,217.6,1,65844.69,-1,2017,4,20,3,False,11.0,217.6,False,False,True,False,False,False,False,False,False,False,False,False,True,False,False,False
01/04/2017,452,5735,810,2017-04-17 00:00:00,379.0,1,47925.77,-1,2017,4,17,0,False,11.0,379.0,False,False,True,False,False,False,False,False,False,False,False,False,True,False,False,False
01/07/2017,4977,5411,840,2017-07-11 00:00:00,24.52,0,0.0,-1,2017,7,11,1,False,8.0,24.52,False,True,False,False,False,False,False,False,False,False,False,False,True,False,False,False
01/01/2017,8179,5814,810,2017-01-09 00:00:00,15.75,1,22123.0,-1,2017,1,9,0,False,11.0,15.75,False,True,False,False,False,False,False,False,False,False,False,False,True,False,False,False
01/01/2018,1473,6011,810,2018-01-25 14:13:01,32100.0,1,852196.94,-1,2018,1,25,3,False,7.0,32100.0,False,False,True,False,False,False,False,False,False,False,False,False,False,False,False,True
01/03/2017,2179,6011,810,2017-03-05 00:00:00,400.0,1,33117.23,-1,2017,3,5,6,True,7.0,400.0,False,False,True,False,False,False,False,False,False,False,False,False,False,False,True,False
01/01/2018,2529,9311,810,2018-01-10 00:00:00,2606.0,1,116977.21,-1,2018,1,10,2,False,19.0,2606.0,False,False,True,False,False,False,False,False,False,False,False,False,True,False,False,False
01/09/2017,1054,4814,810,2017-09-08 12:58:39,300.0,1,66813.38,-1,2017,9,8,4,False,6.0,300.0,False,False,True,False,False,False,False,False,False,False,True,False,False,False,False,False
01/03/2017,9469,6011,810,2017-03-02 00:00:00,4500.0,0,0.0,-1,2017,3,2,3,False,7.0,4500.0,False,True,False,False,False,False,False,False,False,False,False,False,False,False,True,False
01/07/2017,5084,5719,810,2017-07-24 00:00:00,18898.0,1,250027.6,-1,2017,7,24,0,False,11.0,18898.0,False,True,False,False,False,False,False,False,False,False,False,False,True,False,False,False
01/06/2017,9007,5411,810,2017-06-16 00:00:00,1712.3,0,0.0,-1,2017,6,16,4,False,8.0,1712.3,False,True,False,False,False,False,False,False,False,False,False,False,True,False,False,False
01/04/2017,5758,5411,810,2017-04-28 00:00:00,64.87,1,290292.06,-1,2017,4,28,4,False,8.0,64.87,False,True,False,False,False,False,False,False,False,False,False,False,True,False,False,False
01/12/2016,8494,5411,810,2016-12-05 00:00:00,539.46,0,0.0,-1,2016,12,5,0,False,8.0,539.46,False,True,False,False,False,False,False,False,False,False,False,False,True,False,False,False
01/05/2017,2498,5411,810,2017-05-07 00:00:00,1754.93,1,229959.71,-1,2017,5,7,6,True,8.0,1754.93,False,False,True,False,False,False,False,False,False,False,False,False,True,False,False,False
01/09/2017,2753,7523,810,2017-09-20 00:00:00,450.0,1,585108.82,-1,2017,9,20,2,False,14.0,450.0,False,False,True,False,False,False,False,False,False,False,False,False,True,False,False,False
01/07/2017,6977,7832,810,2017-07-12 00:00:00,660.0,0,0.0,-1,2017,7,12,2,False,16.0,660.0,False,True,False,False,False,False,False,False,False,False,False,False,True,False,False,False
01/10/2017,1645,5999,810,2017-10-18 00:00:00,980.0,1,29161.21,-1,2017,10,18,2,False,11.0,980.0,False,False,True,False,False,False,False,False,False,False,False,False,True,False,False,False
01/08/2017,1324,5814,810,2017-08-24 00:00:00,343.0,1,159059.57,-1,2017,8,24,3,False,11.0,343.0,False,False,True,False,False,False,False,False,False,False,False,False,True,False,False,False
01/10/2017,2878,6011,810,2017-10-18 08:37:31,1250.0,0,0.0,1,2017,10,18,2,False,7.0,1250.0,False,False,True,False,False,False,False,False,False,False,False,True,False,False,False,False
01/08/2017,4872,6011,810,2017-08-22 14:54:56,50000.0,1,251695.74,1,2017,8,22,1,False,7.0,50000.0,False,True,False,False,False,False,False,False,False,False,False,True,False,False,False,False
01/11/2016,7653,5411,810,2016-11-05 00:00:00,3087.0,1,3789.49,-1,2016,11,5,5,True,8.0,3087.0,False,True,False,False,False,False,False,False,False,False,False,False,True,False,False,False
01/05/2017,731,5411,810,2017-05-13 00:00:00,22171.98,1,304230.98,-1,2017,5,13,5,True,8.0,22171.98,False,False,True,False,False,False,False,False,False,False,False,False,True,False,False,False
01/07/2017,3842,5411,810,2017-07-27 00:00:00,485.0,0,0.0,-1,2017,7,27,3,False,8.0,485.0,False,True,False,False,False,False,False,False,False,False,False,False,True,False,False,False
01/12/2016,6673,5722,810,2016-12-21 00:00:00,30391.0,0,0.0,-1,2016,12,21,2,False,11.0,30391.0,False,True,False,False,False,False,False,False,False,False,False,False,True,False,False,False
01/07/2017,4132,5814,810,2017-07-02 00:00:00,100.0,1,483983.17,-1,2017,7,2,6,True,11.0,100.0,False,True,False,False,False,False,False,False,False,False,False,False,True,False,False,False
01/07/2017,5039,5812,810,2017-07-30 00:00:00,209.0,0,0.0,-1,2017,7,30,6,True,11.0,209.0,False,True,False,False,False,False,False,False,False,False,False,False,True,False,False,False
01/04/2017,3552,5999,810,2017-04-26 00:00:00,77.81,0,0.0,-1,2017,4,26,2,False,11.0,77.81,False,True,False,False,False,False,False,False,False,False,False,False,True,False,False,False
01/05/2017,2820,5499,810,2017-05-10 00:00:00,1470.0,1,198682.61,-1,2017,5,10,2,False,8.0,1470.0,False,False,True,False,False,False,False,False,False,False,False,False,True,False,False,False
01/07/2017,1237,5411,810,2017-07-17 00:00:00,1621.14,1,134561.97,-1,2017,7,17,0,False,8.0,1621.14,False,False,True,False,False,False,False,False,False,False,False,False,True,False,False,False
01/08/2017,3467,5411,810,2017-08-31 00:00:00,159.17,1,124670.64,-1,2017,8,31,3,False,8.0,159.17,False,True,False,False,False,False,False,False,False,False,False,False,True,False,False,False
01/08/2017,273,5411,810,2017-08-23 00:00:00,1650.88,1,174770.58,-1,2017,8,23,2,False,8.0,1650.88,False,False,True,False,False,False,False,False,False,False,False,False,True,False,False,False
01/06/2017,7372,5950,810,2017-06-11 00:00:00,1906.0,1,103110.4,-1,2017,6,11,6,True,11.0,1906.0,False,True,False,False,False,False,False,False,False,False,False,False,True,False,False,False
01/01/2017,1768,5812,810,2017-01-21 00:00:00,150.0,1,525745.02,-1,2017,1,21,5,True,11.0,150.0,False,False,True,False,False,False,False,False,False,False,False,False,True,False,False,False
01/04/2017,4421,7298,810,2017-04-13 00:00:00,8430.0,1,726930.62,-1,2017,4,13,3,False,13.0,8430.0,False,True,False,False,False,False,False,False,False,False,False,False,True,False,False,False
01/03/2017,4403,5411,810,2017-03-29 00:00:00,355.0,1,181040.62,-1,2017,3,29,2,False,8.0,355.0,False,True,False,False,False,False,False,False,False,False,False,False,True,False,False,False
01/05/2017,88,5999,810,2017-05-04 00:00:00,34.0,1,70489.17,-1,2017,5,4,3,False,11.0,34.0,False,False,False,False,False,True,False,False,False,False,False,False,True,False,False,False
01/05/2017,10168,5499,810,2017-05-28 00:00:00,33781.0,0,0.0,-1,2017,5,28,6,True,8.0,33781.0,False,True,False,False,False,False,False,False,False,False,False,False,True,False,False,False
01/05/2017,2422,5411,810,2017-05-20 00:00:00,556.0,1,375741.91,-1,2017,5,20,5,True,8.0,556.0,False,False,True,False,False,False,False,False,False,False,False,False,True,False,False,False
01/12/2016,985,4121,810,2016-12-17 00:00:00,668.0,1,38936679.49,-1,2016,12,17,5,True,5.0,668.0,False,False,True,False,False,False,False,False,False,False,False,False,True,False,False,False
01/05/2017,2793,5813,978,2017-05-18 00:00:00,20.0,1,379891.07,-1,2017,5,18,3,False,11.0,20.0,False,False,True,False,False,False,False,False,False,False,False,False,True,False,False,False
01/09/2017,7452,6300,810,2017-09-13 00:00:00,10542.08,0,0.0,-1,2017,9,13,2,False,7.0,10542.08,False,True,False,False,False,False,False,False,False,False,False,False,True,False,False,False
01/06/2017,1129,5411,810,2017-06-28 00:00:00,752.0,1,120421.32,-1,2017,6,28,2,False,8.0,752.0,False,False,True,False,False,False,False,False,False,False,False,False,True,False,False,False
01/08/2017,3882,5261,810,2017-08-05 00:00:00,3342.0,1,157149.73,-1,2017,8,5,5,True,8.0,3342.0,False,True,False,False,False,False,False,False,False,False,False,False,True,False,False,False
01/08/2017,4656,5999,810,2017-08-26 20:13:06,427.9,1,6848.49,-1,2017,8,26,5,True,11.0,427.9,False,True,False,False,False,False,False,False,False,False,False,False,True,False,False,False
01/03/2017,8305,5712,810,2017-03-30 00:00:00,16698.0,0,0.0,-1,2017,3,30,3,False,11.0,16698.0,False,True,False,False,False,False,False,False,False,False,False,False,True,False,False,False
01/08/2017,10207,5944,810,2017-08-01 00:00:00,2381.0,1,27856.23,-1,2017,8,1,1,False,11.0,2381.0,False,True,False,False,False,False,False,False,False,False,False,False,True,False,False,False
01/07/2017,4788,5411,810,2017-07-24 00:00:00,544.0,1,335425.92,-1,2017,7,24,0,False,8.0,544.0,False,True,False,False,False,False,False,False,False,False,False,False,True,False,False,False
01/07/2017,9129,5499,810,2017-07-07 00:00:00,70.0,0,0.0,-1,2017,7,7,4,False,8.0,70.0,False,True,False,False,False,False,False,False,False,False,False,False,True,False,False,False
01/11/2017,4178,5411,810,2017-11-08 00:00:00,68.36,1,26371.73,-1,2017,11,8,2,False,8.0,68.36,False,True,False,False,False,False,False,False,False,False,False,False,True,False,False,False
01/02/2017,8572,5814,810,2017-02-02 00:00:00,600.0,0,0.0,-1,2017,2,2,3,False,11.0,600.0,False,True,False,False,False,False,False,False,False,False,False,False,True,False,False,False
01/03/2017,3844,5912,810,2017-03-07 00:00:00,856.0,1,123679.9,-1,2017,3,7,1,False,11.0,856.0,False,True,False,False,False,False,False,False,False,False,False,False,True,False,False,False
01/08/2017,1481,5411,810,2017-08-04 00:00:00,484.0,1,122160.31,-1,2017,8,4,4,False,8.0,484.0,False,False,True,False,False,False,False,False,False,False,False,False,True,False,False,False
01/05/2017,3064,5261,810,2017-05-29 00:00:00,429.0,1,177475.68,-1,2017,5,29,0,False,8.0,429.0,False,False,True,False,False,False,False,False,False,False,False,False,True,False,False,False
01/10/2017,1315,5814,810,2017-10-02 00:00:00,150.0,1,218023.96,-1,2017,10,2,0,False,11.0,150.0,False,False,True,False,False,False,False,False,False,False,False,False,True,False,False,False
01/06/2017,1006,5812,810,2017-06-22 00:00:00,260.0,1,543647.18,-1,2017,6,22,3,False,11.0,260.0,False,False,True,False,False,False,False,False,False,False,False,False,True,False,False,False
01/09/2017,2780,5411,810,2017-09-02 00:00:00,215.0,0,0.0,-1,2017,9,2,5,True,8.0,215.0,False,False,True,False,False,False,False,False,False,False,False,False,True,False,False,False
01/09/2017,5078,6011,810,2017-09-27 18:48:29,135000.0,1,3655.0,1,2017,9,27,2,False,7.0,135000.0,False,True,False,False,False,False,False,False,False,False,False,True,False,False,False,False
01/04/2017,3786,5411,810,2017-04-28 00:00:00,297.0,0,0.0,-1,2017,4,28,4,False,8.0,297.0,False,True,False,False,False,False,False,False,False,False,False,False,True,False,False,False
01/07/2017,8571,5411,810,2017-07-19 00:00:00,50000.0,1,28063.57,-1,2017,7,19,2,False,8.0,50000.0,False,True,False,False,False,False,False,False,False,False,False,False,True,False,False,False
01/08/2017,789,7230,810,2017-08-24 00:00:00,1800.0,1,451377.25,-1,2017,8,24,3,False,13.0,1800.0,False,False,True,False,False,False,False,False,False,False,False,False,True,False,False,False
01/03/2017,4201,4789,810,2017-03-22 00:00:00,736.86,1,78857.46,-1,2017,3,22,2,False,5.0,736.86,False,True,False,False,False,False,False,False,False,False,False,False,True,False,False,False
01/05/2017,6969,5411,810,2017-05-07 00:00:00,207.0,0,0.0,-1,2017,5,7,6,True,8.0,207.0,False,True,False,False,False,False,False,False,False,False,False,False,True,False,False,False
01/11/2016,8352,6011,810,2016-11-15 09:30:49,10000.0,0,0.0,1,2016,11,15,1,False,7.0,10000.0,False,True,False,False,False,False,False,False,False,False,False,True,False,False,False,False
01/06/2017,2726,5411,810,2017-06-29 00:00:00,80.0,1,190850.33,-1,2017,6,29,3,False,8.0,80.0,False,False,True,False,False,False,False,False,False,False,False,False,True,False,False,False
01/03/2017,8305,5964,840,2017-03-29 00:00:00,5.51,0,0.0,-1,2017,3,29,2,False,12.0,5.51,False,True,False,False,False,False,False,False,False,False,False,False,True,False,False,False
01/07/2017,5575,5691,810,2017-07-04 00:00:00,2712.0,1,241577.06,-1,2017,7,4,1,False,10.0,2712.0,False,True,False,False,False,False,False,False,False,False,False,False,True,False,False,False
01/07/2017,4659,5812,810,2017-07-03 00:00:00,380.0,1,294480.74,-1,2017,7,3,0,False,11.0,380.0,False,True,False,False,False,False,False,False,False,False,False,False,True,False,False,False
01/02/2017,2647,5499,810,2017-02-28 00:00:00,212.0,1,40169.0,-1,2017,2,28,1,False,8.0,212.0,False,False,True,False,False,False,False,False,False,False,False,False,True,False,False,False
01/12/2016,7346,5411,810,2016-12-02 00:00:00,467.86,0,0.0,-1,2016,12,2,4,False,8.0,467.86,False,True,False,False,False,False,False,False,False,False,False,False,True,False,False,False
01/03/2017,1413,5814,810,2017-03-24 00:00:00,70.0,1,153609.61,-1,2017,3,24,4,False,11.0,70.0,False,False,True,False,False,False,False,False,False,False,False,False,True,False,False,False
01/05/2017,5265,5511,810,2017-05-16 00:00:00,7400.0,1,92146.44,-1,2017,5,16,1,False,9.0,7400.0,False,True,False,False,False,False,False,False,False,False,False,False,True,False,False,False
01/07/2017,3377,5499,810,2017-07-22 00:00:00,551.1,0,0.0,-1,2017,7,22,5,True,8.0,551.1,False,False,False,True,False,False,False,False,False,False,False,False,True,False,False,False
01/12/2016,1679,6011,810,2016-12-30 00:00:00,1500.0,1,184304.73,-1,2016,12,30,4,False,7.0,1500.0,False,False,True,False,False,False,False,False,False,False,False,False,False,True,False,False
01/12/2016,7844,6011,810,2016-12-09 13:54:55,10000.0,1,5573.0,-1,2016,12,9,4,False,7.0,10000.0,False,True,False,False,False,False,False,False,False,False,False,False,False,False,False,True
01/11/2016,10151,5411,810,2016-11-16 00:00:00,322.0,1,15515.71,-1,2016,11,16,2,False,8.0,322.0,False,True,False,False,False,False,False,False,False,False,False,False,True,False,False,False
01/08/2017,757,5411,810,2017-08-05 00:00:00,54.0,1,512161.42,-1,2017,8,5,5,True,8.0,54.0,False,False,True,False,False,False,False,False,False,False,False,False,True,False,False,False
01/02/2017,5872,4812,810,2017-02-28 00:00:00,4435.0,0,0.0,-1,2017,2,28,1,False,6.0,4435.0,False,True,False,False,False,False,False,False,False,False,False,False,True,False,False,False
01/09/2017,9207,5411,810,2017-09-20 00:00:00,455.0,0,0.0,-1,2017,9,20,2,False,8.0,455.0,False,True,False,False,False,False,False,False,False,False,False,False,True,False,False,False
01/02/2018,1760,5812,810,2018-02-08 00:00:00,290.0,1,242426.94,-1,2018,2,8,3,False,11.0,290.0,False,False,True,False,False,False,False,False,False,False,False,False,True,False,False,False
01/03/2017,8677,6011,810,2017-03-24 16:00:23,100000.0,0,0.0,1,2017,3,24,4,False,7.0,100000.0,False,True,False,False,False,False,False,False,False,False,False,True,False,False,False,False
01/12/2016,5595,6011,810,2016-12-29 09:40:47,71000.0,1,19149.68,1,2016,12,29,3,False,7.0,71000.0,False,True,False,False,False,False,False,False,False,False,False,True,False,False,False,False
01/09/2017,5191,5411,810,2017-09-19 00:00:00,708.0,0,0.0,-1,2017,9,19,1,False,8.0,708.0,False,True,False,False,False,False,False,False,False,False,False,False,True,False,False,False
01/11/2016,7830,6012,810,2016-11-26 08:50:43,75000.0,0,0.0,1,2016,11,26,5,True,7.0,75000.0,False,True,False,False,False,False,False,False,False,False,False,True,False,False,False,False
01/12/2016,6566,5411,810,2016-12-26 00:00:00,1200.0,0,0.0,-1,2016,12,26,0,False,8.0,1200.0,False,True,False,False,False,False,False,False,False,False,False,False,True,False,False,False
01/01/2017,6190,5541,810,2017-01-07 00:00:00,1000.0,0,0.0,-1,2017,1,7,5,True,9.0,1000.0,False,True,False,False,False,False,False,False,False,False,False,False,True,False,False,False
01/07/2017,1374,5411,810,2017-07-26 00:00:00,309.7,1,215542.93,-1,2017,7,26,2,False,8.0,309.7,False,False,True,False,False,False,False,False,False,False,False,False,True,False,False,False
01/04/2017,3144,6011,810,2017-04-17 08:57:32,9000.0,1,14194.63,-1,2017,4,17,0,False,7.0,9000.0,False,False,True,False,False,False,False,False,False,False,False,False,False,False,False,True
01/05/2017,6515,5411,810,2017-05-08 00:00:00,205.0,1,105629.29,-1,2017,5,8,0,False,8.0,205.0,False,True,False,False,False,False,False,False,False,False,False,False,True,False,False,False
01/11/2017,4378,5411,810,2017-11-05 00:00:00,796.0,0,0.0,-1,2017,11,5,6,True,8.0,796.0,False,True,False,False,False,False,False,False,False,False,False,False,True,False,False,False
01/08/2017,8215,5812,810,2017-08-01 00:00:00,229.0,1,206134.13,-1,2017,8,1,1,False,11.0,229.0,False,True,False,False,False,False,False,False,False,False,False,False,True,False,False,False
01/12/2016,2496,5331,810,2016-12-28 00:00:00,200.0,1,286348.96,-1,2016,12,28,2,False,8.0,200.0,False,False,True,False,False,False,False,False,False,False,False,False,True,False,False,False
01/07/2017,9120,5912,810,2017-07-25 00:00:00,540.0,0,0.0,-1,2017,7,25,1,False,11.0,540.0,False,True,False,False,False,False,False,False,False,False,False,False,True,False,False,False
01/01/2017,8703,7997,810,2017-01-15 00:00:00,1150.0,1,50036.14,-1,2017,1,15,6,True,16.0,1150.0,False,True,False,False,False,False,False,False,False,False,False,False,True,False,False,False
01/06/2017,2393,7832,978,2017-06-06 00:00:00,2.15,1,97370.35,-1,2017,6,6,1,False,16.0,2.15,False,False,True,False,False,False,False,False,False,False,False,False,True,False,False,False
01/12/2016,8342,8999,840,2016-12-07 00:00:00,2.39,0,0.0,-1,2016,12,7,2,False,14.0,2.39,False,True,False,False,False,False,False,False,False,False,False,False,True,False,False,False
01/05/2017,6425,5995,810,2017-05-10 00:00:00,160.0,1,127215.4,-1,2017,5,10,2,False,11.0,160.0,False,True,False,False,False,False,False,False,False,False,False,False,True,False,False,False
01/10/2017,7099,5732,810,2017-10-27 00:00:00,21790.0,1,1584001.22,-1,2017,10,27,4,False,11.0,21790.0,False,True,False,False,False,False,False,False,False,False,False,False,True,False,False,False
01/05/2017,2148,6012,810,2017-05-29 00:00:00,1030.0,1,317081.73,-1,2017,5,29,0,False,7.0,1030.0,False,False,True,False,False,False,False,False,True,False,False,False,False,False,False,False
01/06/2017,359,5732,810,2017-06-11 00:00:00,899.0,1,16005.08,-1,2017,6,11,6,True,11.0,899.0,False,False,True,False,False,False,False,False,False,False,False,False,True,False,False,False
01/01/2018,2521,5999,810,2018-01-18 00:00:00,724.56,1,100722.4,-1,2018,1,18,3,False,11.0,724.56,False,False,True,False,False,False,False,False,False,False,False,False,True,False,False,False
01/07/2017,1412,4111,810,2017-07-14 00:00:00,1700.0,0,0.0,-1,2017,7,14,4,False,5.0,1700.0,False,False,True,False,False,False,False,False,False,False,False,False,True,False,False,False
01/01/2017,2158,5814,810,2017-01-10 00:00:00,99.0,1,268935.27,-1,2017,1,10,1,False,11.0,99.0,False,False,True,False,False,False,False,False,False,False,False,False,True,False,False,False
01/08/2017,10058,6011,810,2017-08-12 09:41:34,9000.0,0,0.0,1,2017,8,12,5,True,7.0,9000.0,False,True,False,False,False,False,False,False,False,False,False,True,False,False,False,False
01/12/2016,6565,5411,810,2016-12-18 00:00:00,95.0,0,0.0,-1,2016,12,18,6,True,8.0,95.0,False,True,False,False,False,False,False,False,False,False,False,False,True,False,False,False
01/05/2017,3453,5411,810,2017-05-13 00:00:00,4716.82,0,0.0,-1,2017,5,13,5,True,8.0,4716.82,False,True,False,False,False,False,False,False,False,False,False,False,True,False,False,False
01/02/2017,914,5499,810,2017-02-24 00:00:00,281.0,1,1020342.7,-1,2017,2,24,4,False,8.0,281.0,False,False,True,False,False,False,False,False,False,False,False,False,True,False,False,False
01/12/2016,2735,5912,810,2016-12-26 00:00:00,1818.0,1,345103.9,-1,2016,12,26,0,False,11.0,1818.0,False,False,True,False,False,False,False,False,False,False,False,False,True,False,False,False
01/12/2016,10082,5661,810,2016-12-02 00:00:00,10000.0,1,2953.23,-1,2016,12,2,4,False,10.0,10000.0,False,True,False,False,False,False,False,False,False,False,False,False,True,False,False,False
01/03/2017,5764,5411,810,2017-03-01 00:00:00,289.19,0,0.0,-1,2017,3,1,2,False,8.0,289.19,False,True,False,False,False,False,False,False,False,False,False,False,True,False,False,False
01/01/2017,8974,5411,810,2017-01-19 00:00:00,1100.0,1,173103.35,-1,2017,1,19,3,False,8.0,1100.0,False,True,False,False,False,False,False,False,False,False,False,False,True,False,False,False
01/06/2017,6080,4722,810,2017-06-01 00:00:00,53060.0,1,630.0,-1,2017,6,1,3,False,5.0,53060.0,False,True,False,False,False,False,False,False,False,False,False,False,True,False,False,False
01/12/2016,6731,5812,810,2016-12-26 00:00:00,185.0,0,0.0,-1,2016,12,26,0,False,11.0,185.0,False,True,False,False,False,False,False,False,False,False,False,False,True,False,False,False
01/02/2017,6991,6011,810,2017-02-21 00:00:00,3600.0,0,0.0,-1,2017,2,21,1,False,7.0,3600.0,False,True,False,False,False,False,False,False,False,False,False,False,False,False,True,False
01/04/2017,2508,4111,810,2017-04-25 00:00:00,102.5,1,88094.95,-1,2017,4,25,1,False,5.0,102.5,False,False,True,False,False,False,False,False,False,False,False,False,True,False,False,False
01/04/2017,3622,5411,810,2017-04-14 00:00:00,6095.08,1,7493.53,-1,2017,4,14,4,False,8.0,6095.08,False,True,False,False,False,False,False,False,False,False,False,False,True,False,False,False
01/12/2016,3103,5499,810,2016-12-30 00:00:00,515.0,1,8513.2,-1,2016,12,30,4,False,8.0,515.0,False,False,True,False,False,False,False,False,False,False,False,False,True,False,False,False
01/06/2017,2486,6011,810,2017-06-27 00:00:00,10000.0,1,169369.08,-1,2017,6,27,1,False,7.0,10000.0,False,False,True,False,False,False,False,False,False,False,False,False,False,False,True,False
01/11/2016,9300,5499,810,2016-11-28 00:00:00,471.99,0,0.0,-1,2016,11,28,0,False,8.0,471.99,False,True,False,False,False,False,False,False,False,False,False,False,True,False,False,False
01/01/2017,6812,5411,810,2017-01-21 00:00:00,1170.0,0,0.0,-1,2017,1,21,5,True,8.0,1170.0,False,True,False,False,False,False,False,False,False,False,False,False,True,False,False,False
01/03/2017,328,5411,810,2017-03-19 00:00:00,90.0,0,0.0,-1,2017,3,19,6,True,8.0,90.0,False,False,True,False,False,False,False,False,False,False,False,False,True,False,False,False
01/12/2016,5860,5983,810,2016-12-07 00:00:00,1663.5,1,123418.92,-1,2016,12,7,2,False,11.0,1663.5,False,True,False,False,False,False,False,False,False,False,False,False,True,False,False,False
01/02/2017,6607,5499,810,2017-02-22 00:00:00,150.0,0,0.0,-1,2017,2,22,2,False,8.0,150.0,False,True,False,False,False,False,False,False,False,False,False,False,True,False,False,False
01/08/2017,8327,5921,810,2017-08-18 00:00:00,207.17,0,0.0,-1,2017,8,18,4,False,11.0,207.17,False,True,False,False,False,False,False,False,False,False,False,False,True,False,False,False
01/02/2017,5319,5499,810,2017-02-24 00:00:00,70.0,1,7552.01,-1,2017,2,24,4,False,8.0,70.0,False,True,False,False,False,False,False,False,False,False,False,False,True,False,False,False
01/06/2017,498,5541,810,2017-06-09 00:00:00,1244.8,1,549526.78,-1,2017,6,9,4,False,9.0,1244.8,False,False,True,False,False,False,False,False,False,False,False,False,True,False,False,False
01/12/2016,2192,5812,810,2016-12-20 00:00:00,196.0,1,248186.09,-1,2016,12,20,1,False,11.0,196.0,False,False,True,False,False,False,False,False,False,False,False,False,True,False,False,False
01/04/2017,3552,5691,810,2017-04-05 00:00:00,156.0,0,0.0,-1,2017,4,5,2,False,10.0,156.0,False,True,False,False,False,False,False,False,False,False,False,False,True,False,False,False
01/04/2017,1042,5977,810,2017-04-11 00:00:00,711.0,1,236001.26,-1,2017,4,11,1,False,11.0,711.0,False,False,True,False,False,False,False,False,False,False,False,False,True,False,False,False
01/05/2017,5498,5921,810,2017-05-07 00:00:00,4188.0,1,4375.9,-1,2017,5,7,6,True,11.0,4188.0,False,True,False,False,False,False,False,False,False,False,False,False,True,False,False,False
01/10/2017,5590,6012,810,2017-10-08 00:00:00,5000.0,1,152.0,1,2017,10,8,6,True,7.0,5000.0,False,True,False,False,False,False,False,True,False,False,False,False,False,False,False,False
01/04/2017,3816,5651,810,2017-04-23 00:00:00,599.0,1,100999.75,-1,2017,4,23,6,True,10.0,599.0,False,True,False,False,False,False,False,False,False,False,False,False,True,False,False,False
01/09/2017,7976,5411,810,2017-09-15 00:00:00,2746.0,0,0.0,-1,2017,9,15,4,False,8.0,2746.0,False,True,False,False,False,False,False,False,False,False,False,False,True,False,False,False
01/07/2017,10058,4829,810,2017-07-15 16:37:05,2500.0,0,0.0,-1,2017,7,15,5,True,7.0,2500.0,False,True,False,False,False,False,False,False,True,False,False,False,False,False,False,False
01/01/2017,6710,5411,810,2017-01-20 00:00:00,107.0,0,0.0,-1,2017,1,20,4,False,8.0,107.0,False,True,False,False,False,False,False,False,False,False,False,False,True,False,False,False
01/11/2017,9000,5411,810,2017-11-30 00:00:00,146.8,0,0.0,-1,2017,11,30,3,False,8.0,146.8,False,True,False,False,False,False,False,False,False,False,False,False,True,False,False,False
01/11/2016,3143,5541,810,2016-11-07 00:00:00,1024.13,1,42409.42,-1,2016,11,7,0,False,9.0,1024.13,False,False,True,False,False,False,False,False,False,False,False,False,True,False,False,False
01/06/2017,3690,5983,810,2017-06-11 00:00:00,1152.0,0,0.0,-1,2017,6,11,6,True,11.0,1152.0,False,True,False,False,False,False,False,False,False,False,False,False,True,False,False,False
01/12/2017,6398,5411,810,2017-12-08 00:00:00,89.8,1,238.7,-1,2017,12,8,4,False,8.0,89.8,False,True,False,False,False,False,False,False,False,False,False,False,True,False,False,False
01/07/2017,9001,5999,810,2017-07-01 00:00:00,595.0,0,0.0,-1,2017,7,1,5,True,11.0,595.0,False,True,False,False,False,False,False,False,False,False,False,False,True,False,False,False
01/02/2017,7849,5812,810,2017-02-27 00:00:00,166.0,0,0.0,-1,2017,2,27,0,False,11.0,166.0,False,True,False,False,False,False,False,False,False,False,False,False,True,False,False,False
01/12/2016,8119,5411,810,2016-12-28 00:00:00,1769.8,1,110848.3,-1,2016,12,28,2,False,8.0,1769.8,False,True,False,False,False,False,False,False,False,False,False,False,True,False,False,False
01/07/2017,5495,5814,810,2017-07-03 00:00:00,477.0,0,0.0,-1,2017,7,3,0,False,11.0,477.0,False,True,False,False,False,False,False,False,False,False,False,False,True,False,False,False
01/12/2016,7282,5411,810,2016-12-17 00:00:00,720.0,0,0.0,-1,2016,12,17,5,True,8.0,720.0,False,True,False,False,False,False,False,False,False,False,False,False,True,False,False,False
01/05/2017,1973,5912,810,2017-05-01 00:00:00,593.64,1,55978.66,-1,2017,5,1,0,False,11.0,593.64,False,False,True,False,False,False,False,False,False,False,False,False,True,False,False,False
01/05/2017,2816,5814,810,2017-05-20 00:00:00,221.0,1,1200.0,-1,2017,5,20,5,True,11.0,221.0,False,False,True,False,False,False,False,False,False,False,False,False,True,False,False,False
01/12/2016,3164,5200,810,2016-12-31 00:00:00,1324.0,0,0.0,-1,2016,12,31,5,True,8.0,1324.0,False,False,True,False,False,False,False,False,False,False,False,False,True,False,False,False
01/05/2017,10170,5200,810,2017-05-04 00:00:00,1500.0,1,220.0,-1,2017,5,4,3,False,8.0,1500.0,False,True,False,False,False,False,False,False,False,False,False,False,True,False,False,False
01/01/2017,8566,5949,810,2017-01-24 00:00:00,63220.0,1,71500.0,-1,2017,1,24,1,False,11.0,63220.0,False,True,False,False,False,False,False,False,False,False,False,False,True,False,False,False
01/05/2017,736,5541,810,2017-05-04 00:00:00,566.0,1,297285.59,-1,2017,5,4,3,False,9.0,566.0,False,False,True,False,False,False,False,False,False,False,False,False,True,False,False,False
01/01/2017,7260,5812,810,2017-01-05 00:00:00,4385.0,1,217809.83,-1,2017,1,5,3,False,11.0,4385.0,False,True,False,False,False,False,False,False,False,False,False,False,True,False,False,False
01/11/2017,2809,6011,810,2017-11-21 08:42:17,1000.0,1,97442.58,-1,2017,11,21,1,False,7.0,1000.0,False,False,True,False,False,False,False,False,False,False,False,False,False,False,False,True
01/11/2017,8393,5533,810,2017-11-26 00:00:00,750.0,0,0.0,-1,2017,11,26,6,True,9.0,750.0,False,True,False,False,False,False,False,False,False,False,False,False,True,False,False,False
01/03/2017,819,5251,810,2017-03-16 00:00:00,716.0,1,283750.03,-1,2017,3,16,3,False,8.0,716.0,False,False,True,False,False,False,False,False,False,False,False,False,True,False,False,False
01/12/2016,9449,5499,810,2016-12-30 00:00:00,404.0,0,0.0,-1,2016,12,30,4,False,8.0,404.0,False,True,False,False,False,False,False,False,False,False,False,False,True,False,False,False
01/02/2017,5943,5541,810,2017-02-15 00:00:00,1146.13,0,0.0,-1,2017,2,15,2,False,9.0,1146.13,False,True,False,False,False,False,False,False,False,False,False,False,True,False,False,False
01/05/2017,4344,5411,810,2017-05-13 00:00:00,1113.6,1,45795.05,-1,2017,5,13,5,True,8.0,1113.6,False,True,False,False,False,False,False,False,False,False,False,False,True,False,False,False
01/02/2017,7025,8999,810,2017-02-16 00:00:00,30.0,1,75858.32,-1,2017,2,16,3,False,14.0,30.0,False,True,False,False,False,False,False,False,False,False,False,False,True,False,False,False
01/10/2017,471,6012,810,2017-10-31 13:56:05,8103.0,1,6810.0,-1,2017,10,31,1,False,7.0,8103.0,False,False,True,False,False,False,False,False,True,False,False,False,False,False,False,False
01/05/2017,1177,6011,810,2017-05-08 00:00:00,500.0,1,124675.95,-1,2017,5,8,0,False,7.0,500.0,False,False,True,False,False,False,False,False,False,False,False,False,False,False,True,False
01/01/2017,6518,5814,810,2017-01-02 00:00:00,397.0,1,3.92,-1,2017,1,2,0,False,11.0,397.0,False,True,False,False,False,False,False,False,False,False,False,False,True,False,False,False
01/02/2017,6287,5411,810,2017-02-08 00:00:00,99.9,1,65818.42,-1,2017,2,8,2,False,8.0,99.9,False,True,False,False,False,False,False,False,False,False,False,False,True,False,False,False
01/07/2017,787,6011,810,2017-07-19 14:22:57,10000.0,1,57634.67,-1,2017,7,19,2,False,7.0,10000.0,False,False,True,False,False,False,False,False,False,False,False,False,False,False,False,True
01/07/2017,4221,5211,810,2017-07-28 00:00:00,1.5,1,57747.89,-1,2017,7,28,4,False,8.0,1.5,False,True,False,False,False,False,False,False,False,False,False,False,True,False,False,False
01/03/2017,3875,6011,810,2017-03-24 19:22:23,1000.0,1,2009.86,1,2017,3,24,4,False,7.0,1000.0,False,True,False,False,False,False,False,False,False,False,False,True,False,False,False,False
01/03/2017,2358,5411,810,2017-03-29 00:00:00,1685.23,1,512689.01,-1,2017,3,29,2,False,8.0,1685.23,False,False,True,False,False,False,False,False,False,False,False,False,True,False,False,False
01/05/2017,10206,6011,810,2017-05-24 09:31:39,40000.0,0,0.0,-1,2017,5,24,2,False,7.0,40000.0,False,True,False,False,False,False,False,False,False,False,False,False,False,False,False,True
01/02/2017,6805,5261,810,2017-02-11 00:00:00,19260.0,0,0.0,-1,2017,2,11,5,True,8.0,19260.0,False,True,False,False,False,False,False,False,False,False,False,False,True,False,False,False
01/06/2017,4229,5541,810,2017-06-04 00:00:00,2096.1,1,95184.47,-1,2017,6,4,6,True,9.0,2096.1,False,True,False,False,False,False,False,False,False,False,False,False,True,False,False,False
01/08/2017,2406,5411,810,2017-08-22 00:00:00,833.0,1,181874.78,-1,2017,8,22,1,False,8.0,833.0,False,False,True,False,False,False,False,False,False,False,False,False,True,False,False,False
01/12/2016,8378,6012,810,2016-12-31 00:00:00,30450.0,0,0.0,-1,2016,12,31,5,True,7.0,30450.0,False,True,False,False,False,False,False,False,True,False,False,False,False,False,False,False
01/11/2016,7186,7011,810,2016-11-29 00:00:00,540.0,0,0.0,-1,2016,11,29,1,False,4.0,540.0,False,True,False,False,False,False,False,False,False,False,False,False,True,False,False,False
01/02/2017,7331,6011,810,2017-02-24 15:16:38,3000.0,1,124304.83,-1,2017,2,24,4,False,7.0,3000.0,False,True,False,False,False,False,False,False,False,False,False,False,False,False,False,True
01/07/2017,9969,5943,810,2017-07-14 00:00:00,404.0,1,12757.18,-1,2017,7,14,4,False,11.0,404.0,False,True,False,False,False,False,False,False,False,False,False,False,True,False,False,False
01/03/2017,8605,5411,810,2017-03-31 00:00:00,2708.77,0,0.0,-1,2017,3,31,4,False,8.0,2708.77,False,True,False,False,False,False,False,False,False,False,False,False,True,False,False,False
01/04/2017,3293,5211,810,2017-04-14 00:00:00,1360.0,1,265615.31,-1,2017,4,14,4,False,8.0,1360.0,False,False,True,False,False,False,False,False,False,False,False,False,True,False,False,False
01/02/2017,4794,5300,810,2017-02-23 00:00:00,2710.0,1,583911.45,-1,2017,2,23,3,False,8.0,2710.0,False,True,False,False,False,False,False,False,False,False,False,False,True,False,False,False
01/04/2017,8581,6011,810,2017-04-28 16:30:12,5000.0,0,0.0,1,2017,4,28,4,False,7.0,5000.0,False,True,False,False,False,False,False,False,False,False,False,True,False,False,False,False
01/11/2016,7822,6011,810,2016-11-13 13:20:32,4000.0,1,402290.9,1,2016,11,13,6,True,7.0,4000.0,False,True,False,False,False,False,False,False,False,False,False,True,False,False,False,False
01/05/2017,322,5942,810,2017-05-20 00:00:00,1238.04,1,9462.0,-1,2017,5,20,5,True,11.0,1238.04,False,False,True,False,False,False,False,False,False,False,False,False,True,False,False,False
01/09/2017,1481,4784,810,2017-09-28 00:00:00,200.0,1,122160.31,-1,2017,9,28,3,False,5.0,200.0,False,False,True,False,False,False,False,False,False,False,False,False,True,False,False,False
01/05/2017,9211,5812,810,2017-05-16 00:00:00,169.0,0,0.0,-1,2017,5,16,1,False,11.0,169.0,False,True,False,False,False,False,False,False,False,False,False,False,True,False,False,False
01/02/2017,2430,5541,810,2017-02-23 00:00:00,1999.85,1,170632.46,-1,2017,2,23,3,False,9.0,1999.85,False,False,True,False,False,False,False,False,False,False,False,False,True,False,False,False
01/04/2017,8258,5651,810,2017-04-16 00:00:00,1698.0,0,0.0,-1,2017,4,16,6,True,10.0,1698.0,False,True,False,False,False,False,False,False,False,False,False,False,True,False,False,False
01/12/2016,2823,5812,810,2016-12-17 00:00:00,1415.0,1,470496.01,-1,2016,12,17,5,True,11.0,1415.0,False,False,True,False,False,False,False,False,False,False,False,False,True,False,False,False
01/12/2016,7930,5812,810,2016-12-09 00:00:00,160.0,1,197031.27,-1,2016,12,9,4,False,11.0,160.0,False,True,False,False,False,False,False,False,False,False,False,False,True,False,False,False
01/11/2016,7413,8999,810,2016-11-16 00:00:00,3830.0,1,103.97,-1,2016,11,16,2,False,14.0,3830.0,False,True,False,False,False,False,False,False,False,False,False,False,True,False,False,False
01/06/2017,1199,6011,810,2017-06-06 06:48:06,2000.0,1,169423.08,1,2017,6,6,1,False,7.0,2000.0,False,False,True,False,False,False,False,False,False,False,False,True,False,False,False,False
01/05/2017,2689,5541,810,2017-05-28 00:00:00,999.99,1,205708.24,-1,2017,5,28,6,True,9.0,999.99,False,False,True,False,False,False,False,False,False,False,False,False,True,False,False,False
01/08/2017,4980,5912,810,2017-08-14 00:00:00,1030.0,1,1495.0,-1,2017,8,14,0,False,11.0,1030.0,False,True,False,False,False,False,False,False,False,False,False,False,True,False,False,False
01/01/2017,7834,5541,810,2017-01-25 00:00:00,1100.0,0,0.0,-1,2017,1,25,2,False,9.0,1100.0,False,True,False,False,False,False,False,False,False,False,False,False,True,False,False,False
01/02/2017,9792,5411,810,2017-02-03 00:00:00,6410.32,0,0.0,-1,2017,2,3,4,False,8.0,6410.32,False,True,False,False,False,False,False,False,False,False,False,False,True,False,False,False
01/07/2017,721,5541,810,2017-07-01 00:00:00,188.0,1,145878.07,-1,2017,7,1,5,True,9.0,188.0,False,False,True,False,False,False,False,False,False,False,False,False,True,False,False,False
01/08/2017,548,5945,810,2017-08-13 00:00:00,3072.0,1,135350.74,-1,2017,8,13,6,True,11.0,3072.0,False,False,True,False,False,False,False,False,False,False,False,False,True,False,False,False
01/03/2017,9989,5912,810,2017-03-28 00:00:00,12.0,1,31432.11,-1,2017,3,28,1,False,11.0,12.0,False,True,False,False,False,False,False,False,False,False,False,False,True,False,False,False
01/08/2017,2424,5921,810,2017-08-26 00:00:00,788.0,1,138500.65,-1,2017,8,26,5,True,11.0,788.0,False,False,True,False,False,False,False,False,False,False,False,False,True,False,False,False
01/08/2017,4563,6011,810,2017-08-26 00:00:00,10000.0,1,143265.06,-1,2017,8,26,5,True,7.0,10000.0,False,True,False,False,False,False,False,False,False,False,False,False,False,True,False,False
01/12/2016,932,6011,810,2016-12-22 13:45:10,6000.0,1,29407.24,-1,2016,12,22,3,False,7.0,6000.0,False,False,True,False,False,False,False,False,False,False,False,False,False,False,False,True
01/01/2017,8292,5499,810,2017-01-12 00:00:00,9002.98,0,0.0,-1,2017,1,12,3,False,8.0,9002.98,False,True,False,False,False,False,False,False,False,False,False,False,True,False,False,False
01/06/2017,5760,4812,810,2017-06-05 00:00:00,500.18,0,0.0,-1,2017,6,5,0,False,6.0,500.18,False,True,False,False,False,False,False,False,False,False,False,False,True,False,False,False
01/07/2017,3079,5912,810,2017-07-25 00:00:00,121.0,0,0.0,-1,2017,7,25,1,False,11.0,121.0,False,False,True,False,False,False,False,False,False,False,False,False,True,False,False,False
01/06/2017,4602,8099,810,2017-06-17 00:00:00,5090.0,1,910595.75,-1,2017,6,17,5,True,17.0,5090.0,False,True,False,False,False,False,False,False,False,False,False,False,True,False,False,False
01/12/2016,6415,5411,810,2016-12-18 00:00:00,1358.0,0,0.0,-1,2016,12,18,6,True,8.0,1358.0,False,True,False,False,False,False,False,False,False,False,False,False,True,False,False,False
01/09/2017,2446,5411,810,2017-09-23 00:00:00,1880.0,1,280268.08,-1,2017,9,23,5,True,8.0,1880.0,False,False,True,False,False,False,False,False,False,False,False,False,True,False,False,False
01/09/2017,5679,5411,810,2017-09-08 00:00:00,1169.34,0,0.0,-1,2017,9,8,4,False,8.0,1169.34,False,True,False,False,False,False,False,False,False,False,False,False,True,False,False,False
01/04/2017,107,6012,810,2017-04-28 13:19:13,75000.0,1,218683.94,1,2017,4,28,4,False,7.0,75000.0,False,False,False,False,False,True,False,False,False,False,False,True,False,False,False,False
01/01/2017,6279,5411,810,2017-01-18 00:00:00,503.0,1,297963.35,-1,2017,1,18,2,False,8.0,503.0,False,True,False,False,False,False,False,False,False,False,False,False,True,False,False,False
01/08/2017,302,5411,810,2017-08-30 00:00:00,61.2,1,705822.72,-1,2017,8,30,2,False,8.0,61.2,False,False,True,False,False,False,False,False,False,False,False,False,True,False,False,False
01/05/2017,5428,5814,810,2017-05-04 00:00:00,203.0,0,0.0,-1,2017,5,4,3,False,11.0,203.0,False,True,False,False,False,False,False,False,False,False,False,False,True,False,False,False
01/08/2017,4698,5411,810,2017-08-26 00:00:00,149.0,0,0.0,-1,2017,8,26,5,True,8.0,149.0,False,True,False,False,False,False,False,False,False,False,False,False,True,False,False,False
01/07/2017,5067,5411,810,2017-07-19 00:00:00,167.0,0,0.0,-1,2017,7,19,2,False,8.0,167.0,False,True,False,False,False,False,False,False,False,False,False,False,True,False,False,False
01/03/2017,2396,5411,810,2017-03-17 00:00:00,179.5,1,217846.23,-1,2017,3,17,4,False,8.0,179.5,False,False,True,False,False,False,False,False,False,False,False,False,True,False,False,False
01/07/2017,1221,5331,810,2017-07-16 00:00:00,825.0,1,6376.92,-1,2017,7,16,6,True,8.0,825.0,False,False,True,False,False,False,False,False,False,False,False,False,True,False,False,False
01/12/2016,10136,4121,810,2016-12-22 00:00:00,520.0,0,0.0,-1,2016,12,22,3,False,5.0,520.0,False,True,False,False,False,False,False,False,False,False,False,False,True,False,False,False
01/09/2017,3477,5411,810,2017-09-24 00:00:00,139.0,1,110612.85,-1,2017,9,24,6,True,8.0,139.0,False,True,False,False,False,False,False,False,False,False,False,False,True,False,False,False
01/12/2016,7310,5814,810,2016-12-22 00:00:00,187.0,0,0.0,-1,2016,12,22,3,False,11.0,187.0,False,True,False,False,False,False,False,False,False,False,False,False,True,False,False,False
01/11/2017,1077,6011,810,2017-11-27 13:26:57,10000.0,1,26110.86,1,2017,11,27,0,False,7.0,10000.0,False,False,True,False,False,False,False,False,False,False,False,True,False,False,False,False
01/07/2017,1001,6011,810,2017-07-07 14:08:01,5000.0,1,378921.16,-1,2017,7,7,4,False,7.0,5000.0,False,False,True,False,False,False,False,False,False,False,False,False,False,False,False,True
01/09/2017,274,5499,810,2017-09-12 00:00:00,343.0,1,130164.1,-1,2017,9,12,1,False,8.0,343.0,False,False,True,False,False,False,False,False,False,False,False,False,True,False,False,False
01/01/2018,2540,5944,840,2018-01-05 00:00:00,119.16,1,19064.07,-1,2018,1,5,4,False,11.0,119.16,False,False,True,False,False,False,False,False,False,False,False,False,True,False,False,False
01/05/2017,3859,5411,810,2017-05-13 00:00:00,187.5,0,0.0,-1,2017,5,13,5,True,8.0,187.5,False,True,False,False,False,False,False,False,False,False,False,False,True,False,False,False
01/10/2017,1637,5921,810,2017-10-31 00:00:00,77.99,1,18263.04,-1,2017,10,31,1,False,11.0,77.99,False,False,True,False,False,False,False,False,False,False,False,False,True,False,False,False
01/12/2016,556,5714,810,2016-12-25 00:00:00,150.0,1,815567.39,-1,2016,12,25,6,True,11.0,150.0,False,False,True,False,False,False,False,False,False,False,False,False,True,False,False,False
01/08/2017,1095,5812,810,2017-08-30 00:00:00,67.81,1,65503.64,-1,2017,8,30,2,False,11.0,67.81,False,False,True,False,False,False,False,False,False,False,False,False,True,False,False,False
01/02/2017,10056,5999,810,2017-02-27 00:00:00,165.0,1,493.0,-1,2017,2,27,0,False,11.0,165.0,False,True,False,False,False,False,False,False,False,False,False,False,True,False,False,False
01/02/2017,9937,5912,810,2017-02-16 00:00:00,97.8,0,0.0,-1,2017,2,16,3,False,11.0,97.8,False,True,False,False,False,False,False,False,False,False,False,False,True,False,False,False
01/04/2017,5335,8099,810,2017-04-10 00:00:00,150.0,0,0.0,-1,2017,4,10,0,False,17.0,150.0,False,True,False,False,False,False,False,False,False,False,False,False,True,False,False,False
01/12/2016,8202,5411,810,2016-12-22 00:00:00,1214.0,1,72193.34,-1,2016,12,22,3,False,8.0,1214.0,False,True,False,False,False,False,False,False,False,False,False,False,True,False,False,False
01/02/2017,9432,6011,810,2017-02-21 13:20:58,100000.0,1,511.81,-1,2017,2,21,1,False,7.0,100000.0,False,True,False,False,False,False,False,False,False,False,False,False,False,False,False,True
01/09/2017,4932,5411,810,2017-09-18 00:00:00,1106.92,1,350166.66,-1,2017,9,18,0,False,8.0,1106.92,False,True,False,False,False,False,False,False,False,False,False,False,True,False,False,False
01/02/2017,6945,5499,810,2017-02-25 00:00:00,50.5,0,0.0,-1,2017,2,25,5,True,8.0,50.5,False,True,False,False,False,False,False,False,False,False,False,False,True,False,False,False
01/04/2017,2364,6011,810,2017-04-20 00:00:00,50000.0,1,68534.21,-1,2017,4,20,3,False,7.0,50000.0,False,False,True,False,False,False,False,False,False,False,False,False,False,False,True,False
01/10/2017,581,5912,810,2017-10-01 00:00:00,299.0,1,134363.48,-1,2017,10,1,6,True,11.0,299.0,False,False,True,False,False,False,False,False,False,False,False,False,True,False,False,False
01/03/2017,1486,5814,810,2017-03-14 00:00:00,165.0,1,381967.36,-1,2017,3,14,1,False,11.0,165.0,False,False,True,False,False,False,False,False,False,False,False,False,True,False,False,False
01/12/2016,1415,4814,810,2016-12-31 00:00:00,500.0,1,262974.89,-1,2016,12,31,5,True,6.0,500.0,False,False,True,False,False,False,False,False,False,False,False,False,True,False,False,False
01/01/2017,10113,5931,840,2017-01-21 00:00:00,115.0,1,33783.05,-1,2017,1,21,5,True,11.0,115.0,False,True,False,False,False,False,False,False,False,False,False,False,True,False,False,False
01/12/2016,9502,5812,810,2016-12-17 00:00:00,43.0,0,0.0,-1,2016,12,17,5,True,11.0,43.0,False,True,False,False,False,False,False,False,False,False,False,False,True,False,False,False
01/11/2016,7310,7311,810,2016-11-22 00:00:00,9000.0,0,0.0,-1,2016,11,22,1,False,14.0,9000.0,False,True,False,False,False,False,False,False,False,False,False,False,True,False,False,False
01/08/2017,5733,5691,810,2017-08-08 00:00:00,650.0,0,0.0,-1,2017,8,8,1,False,10.0,650.0,False,True,False,False,False,False,False,False,False,False,False,False,True,False,False,False
01/07/2017,1101,5411,810,2017-07-11 00:00:00,266.0,1,118568.98,-1,2017,7,11,1,False,8.0,266.0,False,False,True,False,False,False,False,False,False,False,False,False,True,False,False,False
01/12/2016,7124,5912,810,2016-12-31 00:00:00,634.0,0,0.0,-1,2016,12,31,5,True,11.0,634.0,False,True,False,False,False,False,False,False,False,False,False,False,True,False,False,False
01/02/2017,7363,4111,810,2017-02-15 00:00:00,64.0,1,50568.62,-1,2017,2,15,2,False,5.0,64.0,False,True,False,False,False,False,False,False,False,False,False,False,True,False,False,False
01/04/2017,3155,5411,810,2017-04-19 00:00:00,322.5,1,61308.97,-1,2017,4,19,2,False,8.0,322.5,False,False,True,False,False,False,False,False,False,False,False,False,True,False,False,False
01/08/2017,10001,6012,810,2017-08-18 17:49:38,74.0,0,0.0,1,2017,8,18,4,False,7.0,74.0,False,True,False,False,False,False,False,True,False,False,False,False,False,False,False,False
01/11/2016,7713,8999,810,2016-11-02 00:00:00,11200.0,0,0.0,-1,2016,11,2,2,False,14.0,11200.0,False,True,False,False,False,False,False,False,False,False,False,False,True,False,False,False
01/04/2017,3399,5912,810,2017-04-07 00:00:00,247.0,1,7581.6,-1,2017,4,7,4,False,11.0,247.0,False,True,False,False,False,False,False,False,False,False,False,False,True,False,False,False
01/07/2017,3792,5814,810,2017-07-13 00:00:00,1000.0,0,0.0,-1,2017,7,13,3,False,11.0,1000.0,False,True,False,False,False,False,False,False,False,False,False,False,True,False,False,False
01/02/2017,1079,5411,810,2017-02-18 00:00:00,2749.0,1,400.0,-1,2017,2,18,5,True,8.0,2749.0,False,False,True,False,False,False,False,False,False,False,False,False,True,False,False,False
01/09/2017,1525,7299,810,2017-09-03 00:00:00,149.0,1,209698.48,-1,2017,9,3,6,True,13.0,149.0,False,False,True,False,False,False,False,False,False,False,False,False,True,False,False,False
01/05/2017,5266,5719,810,2017-05-29 00:00:00,278.0,1,70668.4,-1,2017,5,29,0,False,11.0,278.0,False,True,False,False,False,False,False,False,False,False,False,False,True,False,False,False
01/09/2017,9408,5999,810,2017-09-03 18:55:07,60.0,0,0.0,-1,2017,9,3,6,True,11.0,60.0,False,True,False,False,False,False,False,False,False,False,False,False,True,False,False,False
01/06/2017,4366,6011,810,2017-06-30 19:52:39,35000.0,1,8945.3,1,2017,6,30,4,False,7.0,35000.0,False,True,False,False,False,False,False,False,False,False,False,True,False,False,False,False
01/12/2016,2480,4111,810,2016-12-17 00:00:00,2000.0,1,90082.67,-1,2016,12,17,5,True,5.0,2000.0,False,False,True,False,False,False,False,False,False,False,False,False,True,False,False,False
01/09/2017,1838,5499,810,2017-09-22 00:00:00,194.0,1,227491.27,-1,2017,9,22,4,False,8.0,194.0,False,False,True,False,False,False,False,False,False,False,False,False,True,False,False,False
01/08/2017,1990,6011,810,2017-08-07 00:00:00,90000.0,0,0.0,-1,2017,8,7,0,False,7.0,90000.0,False,False,True,False,False,False,False,False,False,False,False,False,False,False,True,False
01/08/2017,2305,5621,810,2017-08-03 00:00:00,999.5,1,70724.32,-1,2017,8,3,3,False,10.0,999.5,False,False,True,False,False,False,False,False,False,False,False,False,True,False,False,False
01/07/2017,4227,5814,810,2017-07-15 00:00:00,260.0,0,0.0,-1,2017,7,15,5,True,11.0,260.0,False,True,False,False,False,False,False,False,False,False,False,False,True,False,False,False
01/08/2017,2096,5977,810,2017-08-19 00:00:00,242.0,1,55306.47,-1,2017,8,19,5,True,11.0,242.0,False,False,True,False,False,False,False,False,False,False,False,False,True,False,False,False
01/12/2016,10045,5411,810,2016-12-18 00:00:00,214.0,1,1494.49,-1,2016,12,18,6,True,8.0,214.0,False,True,False,False,False,False,False,False,False,False,False,False,True,False,False,False
01/12/2016,7649,5999,810,2016-12-14 00:00:00,335.0,1,200.0,-1,2016,12,14,2,False,11.0,335.0,False,True,False,False,False,False,False,False,False,False,False,False,True,False,False,False
01/06/2017,4197,6011,810,2017-06-05 15:14:40,30000.0,1,2793.56,1,2017,6,5,0,False,7.0,30000.0,False,True,False,False,False,False,False,False,False,False,False,True,False,False,False,False
01/04/2017,4680,5812,810,2017-04-09 00:00:00,1470.0,0,0.0,-1,2017,4,9,6,True,11.0,1470.0,False,True,False,False,False,False,False,False,False,False,False,False,True,False,False,False
01/05/2017,3945,5814,810,2017-05-15 00:00:00,268.0,1,364708.63,-1,2017,5,15,0,False,11.0,268.0,False,True,False,False,False,False,False,False,False,False,False,False,True,False,False,False
01/11/2016,6556,5691,810,2016-11-12 00:00:00,9490.0,1,2046.0,-1,2016,11,12,5,True,10.0,9490.0,False,True,False,False,False,False,False,False,False,False,False,False,True,False,False,False
01/05/2017,7047,4111,810,2017-05-22 00:00:00,2000.0,0,0.0,-1,2017,5,22,0,False,5.0,2000.0,False,True,False,False,False,False,False,False,False,False,False,False,True,False,False,False
01/02/2017,1330,5499,810,2017-02-27 00:00:00,98.0,1,110185.88,-1,2017,2,27,0,False,8.0,98.0,False,False,True,False,False,False,False,False,False,False,False,False,True,False,False,False
01/11/2016,9642,4829,810,2016-11-01 12:51:13,33600.0,0,0.0,-1,2016,11,1,1,False,7.0,33600.0,False,True,False,False,False,False,False,False,True,False,False,False,False,False,False,False
01/08/2017,558,5411,810,2017-08-20 00:00:00,839.2,1,57747.58,-1,2017,8,20,6,True,8.0,839.2,False,False,True,False,False,False,False,False,False,False,False,False,True,False,False,False
01/09/2017,799,4112,810,2017-09-15 00:00:00,2160.4,1,243938.5,-1,2017,9,15,4,False,5.0,2160.4,False,False,True,False,False,False,False,False,False,False,False,False,True,False,False,False
01/01/2018,3262,6011,810,2018-01-25 07:00:13,20000.0,0,0.0,-1,2018,1,25,3,False,7.0,20000.0,False,False,True,False,False,False,False,False,False,False,False,False,False,False,False,True
01/07/2017,393,5411,810,2017-07-30 00:00:00,782.0,1,112970.06,-1,2017,7,30,6,True,8.0,782.0,False,False,True,False,False,False,False,False,False,False,False,False,True,False,False,False
01/08/2017,539,5411,810,2017-08-11 00:00:00,3215.0,1,34226.93,-1,2017,8,11,4,False,8.0,3215.0,False,False,True,False,False,False,False,False,False,False,False,False,True,False,False,False
01/03/2017,5758,5200,810,2017-03-21 00:00:00,719.9,1,290292.06,-1,2017,3,21,1,False,8.0,719.9,False,True,False,False,False,False,False,False,False,False,False,False,True,False,False,False
01/08/2017,4221,5211,810,2017-08-11 00:00:00,300.0,1,57747.89,-1,2017,8,11,4,False,8.0,300.0,False,True,False,False,False,False,False,False,False,False,False,False,True,False,False,False
01/04/2017,750,5411,810,2017-04-11 00:00:00,143.0,0,0.0,-1,2017,4,11,1,False,8.0,143.0,False,False,True,False,False,False,False,False,False,False,False,False,True,False,False,False
01/05/2017,721,4111,810,2017-05-18 00:00:00,500.0,1,145878.07,-1,2017,5,18,3,False,5.0,500.0,False,False,True,False,False,False,False,False,False,False,False,False,True,False,False,False
01/06/2017,1524,5812,810,2017-06-06 00:00:00,80.0,1,248266.33,-1,2017,6,6,1,False,11.0,80.0,False,False,True,False,False,False,False,False,False,False,False,False,True,False,False,False
01/11/2016,455,6011,810,2016-11-29 09:32:50,40000.0,1,326406.61,-1,2016,11,29,1,False,7.0,40000.0,False,False,True,False,False,False,False,False,False,False,False,False,False,False,False,True
01/12/2016,6619,5200,810,2016-12-27 00:00:00,2943.0,1,399.0,-1,2016,12,27,1,False,8.0,2943.0,False,True,False,False,False,False,False,False,False,False,False,False,True,False,False,False
01/12/2016,7186,8099,810,2016-12-20 00:00:00,531.0,0,0.0,-1,2016,12,20,1,False,17.0,531.0,False,True,False,False,False,False,False,False,False,False,False,False,True,False,False,False
01/02/2017,7834,5211,810,2017-02-16 00:00:00,1395.0,0,0.0,1,2017,2,16,3,False,8.0,1395.0,False,True,False,False,False,False,True,False,False,False,False,False,False,False,False,False
01/05/2017,8085,5411,810,2017-05-01 00:00:00,1272.0,0,0.0,-1,2017,5,1,0,False,8.0,1272.0,False,True,False,False,False,False,False,False,False,False,False,False,True,False,False,False
01/12/2016,3319,5541,810,2016-12-14 00:00:00,1376.0,0,0.0,-1,2016,12,14,2,False,9.0,1376.0,False,False,False,True,False,False,False,False,False,False,False,False,True,False,False,False
01/11/2016,4123,5999,810,2016-11-29 00:00:00,77.0,1,129652.69,-1,2016,11,29,1,False,11.0,77.0,False,True,False,False,False,False,False,False,False,False,False,False,True,False,False,False
01/11/2016,6114,5411,810,2016-11-16 00:00:00,261.0,0,0.0,-1,2016,11,16,2,False,8.0,261.0,False,True,False,False,False,False,False,False,False,False,False,False,True,False,False,False
01/09/2017,9279,5732,810,2017-09-29 00:00:00,134.44,0,0.0,-1,2017,9,29,4,False,11.0,134.44,False,True,False,False,False,False,False,False,False,False,False,False,True,False,False,False
01/10/2017,757,5411,810,2017-10-08 00:00:00,827.0,1,512161.42,-1,2017,10,8,6,True,8.0,827.0,False,False,True,False,False,False,False,False,False,False,False,False,True,False,False,False
01/06/2017,7815,5211,810,2017-06-28 00:00:00,974.0,1,62397.39,-1,2017,6,28,2,False,8.0,974.0,False,True,False,False,False,False,False,False,False,False,False,False,True,False,False,False
01/02/2017,1443,5499,810,2017-02-26 00:00:00,256.0,1,390027.67,-1,2017,2,26,6,True,8.0,256.0,False,False,True,False,False,False,False,False,False,False,False,False,True,False,False,False
01/09/2017,4086,7523,810,2017-09-02 00:00:00,100.0,0,0.0,-1,2017,9,2,5,True,14.0,100.0,False,True,False,False,False,False,False,False,False,False,False,False,True,False,False,False
01/07/2017,5156,5812,840,2017-07-29 00:00:00,71.33,1,31146.88,-1,2017,7,29,5,True,11.0,71.33,False,True,False,False,False,False,False,False,False,False,False,False,True,False,False,False
01/04/2017,7855,5812,810,2017-04-22 00:00:00,4680.0,0,0.0,-1,2017,4,22,5,True,11.0,4680.0,False,True,False,False,False,False,False,False,False,False,False,False,True,False,False,False
01/12/2016,3195,6011,810,2016-12-13 00:00:00,19000.0,1,15580.12,-1,2016,12,13,1,False,7.0,19000.0,False,False,True,False,False,False,False,False,False,False,False,False,False,False,True,False
01/12/2016,4527,5812,810,2016-12-03 00:00:00,80.0,1,82950.42,-1,2016,12,3,5,True,11.0,80.0,False,True,False,False,False,False,False,False,False,False,False,False,True,False,False,False
01/07/2017,2291,5814,810,2017-07-04 00:00:00,932.0,0,0.0,-1,2017,7,4,1,False,11.0,932.0,False,False,True,False,False,False,False,False,False,False,False,False,True,False,False,False
01/04/2017,7829,4900,810,2017-04-26 00:00:00,10000.0,0,0.0,-1,2017,4,26,2,False,6.0,10000.0,False,True,False,False,False,False,False,False,False,False,False,False,True,False,False,False
01/12/2016,3298,6011,810,2016-12-09 00:00:00,85000.0,0,0.0,-1,2016,12,9,4,False,7.0,85000.0,False,False,False,True,False,False,False,False,False,False,False,False,False,False,True,False
01/06/2017,3755,5661,810,2017-06-25 00:00:00,298.0,0,0.0,-1,2017,6,25,6,True,10.0,298.0,False,True,False,False,False,False,False,False,False,False,False,False,True,False,False,False
01/01/2017,3212,5499,810,2017-01-11 00:00:00,214.4,1,23494.04,-1,2017,1,11,2,False,8.0,214.4,False,False,True,False,False,False,False,False,False,False,False,False,True,False,False,False
01/01/2017,2323,6011,810,2017-01-19 10:29:59,30000.0,0,0.0,-1,2017,1,19,3,False,7.0,30000.0,False,False,True,False,False,False,False,False,False,False,False,False,False,False,False,True
01/06/2017,7274,8999,810,2017-06-01 00:00:00,60.0,0,0.0,-1,2017,6,1,3,False,14.0,60.0,False,True,False,False,False,False,False,False,False,False,False,False,True,False,False,False
01/12/2016,7402,5541,810,2016-12-19 00:00:00,1500.0,1,1986.27,-1,2016,12,19,0,False,9.0,1500.0,False,True,False,False,False,False,False,False,False,False,False,False,True,False,False,False
01/01/2017,3275,5921,810,2017-01-15 00:00:00,148.0,0,0.0,-1,2017,1,15,6,True,11.0,148.0,False,False,True,False,False,False,False,False,False,False,False,False,True,False,False,False
01/06/2017,1756,5812,810,2017-06-09 00:00:00,1920.0,1,126430.55,-1,2017,6,9,4,False,11.0,1920.0,False,False,True,False,False,False,False,False,False,False,False,False,True,False,False,False
01/11/2016,7508,8099,810,2016-11-09 00:00:00,1440.0,0,0.0,-1,2016,11,9,2,False,17.0,1440.0,False,True,False,False,False,False,False,False,False,False,False,False,True,False,False,False
01/03/2017,5743,5411,810,2017-03-07 00:00:00,1535.92,0,0.0,-1,2017,3,7,1,False,8.0,1535.92,False,True,False,False,False,False,False,False,False,False,False,False,True,False,False,False
01/09/2017,2380,6051,810,2017-09-15 00:00:00,2525.0,1,62390.6,-1,2017,9,15,4,False,7.0,2525.0,False,False,True,False,False,False,False,False,False,False,False,False,True,False,False,False
01/03/2018,1203,5411,810,2018-03-08 00:00:00,199.6,1,121887.13,-1,2018,3,8,3,False,8.0,199.6,False,False,True,False,False,False,False,False,False,False,False,False,True,False,False,False
01/07/2017,4274,5541,810,2017-07-13 00:00:00,1000.04,1,272940.96,-1,2017,7,13,3,False,9.0,1000.04,False,True,False,False,False,False,False,False,False,False,False,False,True,False,False,False
01/01/2018,5057,4111,810,2018-01-30 00:00:00,250.0,1,70111.98,-1,2018,1,30,1,False,5.0,250.0,False,True,False,False,False,False,False,False,False,False,False,False,True,False,False,False
01/08/2017,4480,5411,348,2017-08-03 00:00:00,4562.0,1,194646.21,-1,2017,8,3,3,False,8.0,4562.0,False,True,False,False,False,False,False,False,False,False,False,False,True,False,False,False
01/05/2017,2396,5921,810,2017-05-20 00:00:00,856.0,1,217846.23,-1,2017,5,20,5,True,11.0,856.0,False,False,True,False,False,False,False,False,False,False,False,False,True,False,False,False
01/04/2017,1042,4814,810,2017-04-03 00:00:00,800.0,1,236001.26,-1,2017,4,3,0,False,6.0,800.0,False,False,True,False,False,False,False,False,False,False,False,False,True,False,False,False
01/03/2017,8558,5999,810,2017-03-25 00:00:00,40.0,0,0.0,-1,2017,3,25,5,True,11.0,40.0,False,True,False,False,False,False,False,False,False,False,False,False,True,False,False,False
01/04/2017,2538,3011,810,2017-04-03 00:00:00,22022.0,1,852196.94,-1,2017,4,3,0,False,2.0,22022.0,False,False,True,False,False,False,False,False,False,False,False,False,True,False,False,False
01/07/2017,3907,5411,810,2017-07-30 00:00:00,1305.0,1,1220.0,-1,2017,7,30,6,True,8.0,1305.0,False,True,False,False,False,False,False,False,False,False,False,False,True,False,False,False
01/04/2017,7271,5411,810,2017-04-15 00:00:00,1326.0,1,15064.69,-1,2017,4,15,5,True,8.0,1326.0,False,True,False,False,False,False,False,False,False,False,False,False,True,False,False,False
01/04/2017,3764,5411,810,2017-04-18 00:00:00,460.0,0,0.0,-1,2017,4,18,1,False,8.0,460.0,False,True,False,False,False,False,False,False,False,False,False,False,True,False,False,False
01/08/2017,5873,4812,810,2017-08-17 00:00:00,14000.0,0,0.0,-1,2017,8,17,3,False,6.0,14000.0,False,True,False,False,False,False,False,False,False,False,False,False,True,False,False,False
01/06/2017,786,6011,810,2017-06-26 11:58:01,17000.0,1,6111.25,-1,2017,6,26,0,False,7.0,17000.0,False,False,True,False,False,False,False,False,False,False,False,False,False,False,False,True
01/02/2017,6874,4789,810,2017-02-03 00:00:00,7722.0,0,0.0,-1,2017,2,3,4,False,5.0,7722.0,False,True,False,False,False,False,False,False,False,False,False,False,True,False,False,False
01/10/2017,7154,4121,810,2017-10-14 00:00:00,120.0,1,30172.56,-1,2017,10,14,5,True,5.0,120.0,False,True,False,False,False,False,False,False,False,False,False,False,True,False,False,False
01/02/2017,5801,7832,810,2017-02-05 00:00:00,200.0,1,120821.66,-1,2017,2,5,6,True,16.0,200.0,False,True,False,False,False,False,False,False,False,False,False,False,True,False,False,False
01/07/2017,729,5541,810,2017-07-14 00:00:00,2452.8,1,307962.55,-1,2017,7,14,4,False,9.0,2452.8,False,False,True,False,False,False,False,False,False,False,False,False,True,False,False,False
01/06/2017,1326,5631,810,2017-06-24 00:00:00,2299.0,1,277715.86,-1,2017,6,24,5,True,10.0,2299.0,False,False,True,False,False,False,False,False,False,False,False,False,True,False,False,False
01/08/2017,1851,5411,810,2017-08-14 00:00:00,1580.0,1,85852.62,-1,2017,8,14,0,False,8.0,1580.0,False,False,True,False,False,False,False,False,False,False,False,False,True,False,False,False
01/06/2017,7709,5411,810,2017-06-11 00:00:00,1228.0,1,119795.79,-1,2017,6,11,6,True,8.0,1228.0,False,True,False,False,False,False,False,False,False,False,False,False,True,False,False,False
01/03/2017,132,5814,810,2017-03-03 00:00:00,235.0,0,0.0,-1,2017,3,3,4,False,11.0,235.0,False,False,False,False,False,True,False,False,False,False,False,False,True,False,False,False
01/08/2017,896,5977,810,2017-08-26 00:00:00,11136.75,1,144015.55,-1,2017,8,26,5,True,11.0,11136.75,False,False,True,False,False,False,False,False,False,False,False,False,True,False,False,False
01/07/2017,2752,5411,810,2017-07-12 00:00:00,1597.0,1,403703.01,-1,2017,7,12,2,False,8.0,1597.0,False,False,True,False,False,False,False,False,False,False,False,False,True,False,False,False
01/05/2017,6504,5814,810,2017-05-19 00:00:00,425.0,0,0.0,-1,2017,5,19,4,False,11.0,425.0,False,True,False,False,False,False,False,False,False,False,False,False,True,False,False,False
01/05/2017,22,5999,810,2017-05-04 12:25:55,300.0,0,0.0,-1,2017,5,4,3,False,11.0,300.0,True,False,False,False,False,False,False,False,False,False,False,False,True,False,False,False
01/08/2017,3798,6011,810,2017-08-18 09:56:05,30000.0,1,449237.03,1,2017,8,18,4,False,7.0,30000.0,False,True,False,False,False,False,False,False,False,False,False,True,False,False,False,False
01/03/2017,866,5411,810,2017-03-11 00:00:00,526.0,1,72153.97,-1,2017,3,11,5,True,8.0,526.0,False,False,True,False,False,False,False,False,False,False,False,False,True,False,False,False
01/12/2016,5997,5499,810,2016-12-11 00:00:00,303.0,0,0.0,-1,2016,12,11,6,True,8.0,303.0,False,True,False,False,False,False,False,False,False,False,False,False,True,False,False,False
01/05/2017,3071,5499,810,2017-05-05 00:00:00,357.0,1,124926.22,-1,2017,5,5,4,False,8.0,357.0,False,False,True,False,False,False,False,False,False,False,False,False,True,False,False,False
01/04/2017,9210,5541,810,2017-04-04 00:00:00,378.0,1,73256.52,-1,2017,4,4,1,False,9.0,378.0,False,True,False,False,False,False,False,False,False,False,False,False,True,False,False,False
01/12/2016,1290,5411,810,2016-12-18 00:00:00,1002.0,1,321242.09,-1,2016,12,18,6,True,8.0,1002.0,False,False,True,False,False,False,False,False,False,False,False,False,True,False,False,False
01/12/2016,8619,5411,810,2016-12-11 00:00:00,108.0,0,0.0,-1,2016,12,11,6,True,8.0,108.0,False,True,False,False,False,False,False,False,False,False,False,False,True,False,False,False
01/03/2017,9493,6011,810,2017-03-03 12:43:21,11500.0,1,243211.31,1,2017,3,3,4,False,7.0,11500.0,False,True,False,False,False,False,False,False,False,False,False,True,False,False,False,False
01/04/2017,7799,5812,810,2017-04-15 00:00:00,360.0,0,0.0,-1,2017,4,15,5,True,11.0,360.0,False,True,False,False,False,False,False,False,False,False,False,False,True,False,False,False
01/07/2017,357,5999,810,2017-07-29 07:21:54,500.0,1,152827.15,-1,2017,7,29,5,True,11.0,500.0,False,False,True,False,False,False,False,False,False,False,False,False,True,False,False,False
01/03/2017,3349,5983,810,2017-03-06 00:00:00,840.5,1,38706.39,-1,2017,3,6,0,False,11.0,840.5,False,False,False,True,False,False,False,False,False,False,False,False,True,False,False,False
01/11/2016,6129,5411,810,2016-11-14 00:00:00,1062.4,1,80848.32,-1,2016,11,14,0,False,8.0,1062.4,False,True,False,False,False,False,False,False,False,False,False,False,True,False,False,False
01/01/2017,5860,5983,810,2017-01-27 00:00:00,1470.8,1,123418.92,-1,2017,1,27,4,False,11.0,1470.8,False,True,False,False,False,False,False,False,False,False,False,False,True,False,False,False
01/07/2017,1180,5411,810,2017-07-27 00:00:00,4488.1,1,150582.2,-1,2017,7,27,3,False,8.0,4488.1,False,False,True,False,False,False,False,False,False,False,False,False,True,False,False,False
01/11/2016,7413,5411,810,2016-11-26 00:00:00,8562.03,1,103.97,-1,2016,11,26,5,True,8.0,8562.03,False,True,False,False,False,False,False,False,False,False,False,False,True,False,False,False
01/02/2017,2541,6011,810,2017-02-05 12:58:21,10000.0,1,227869.3,1,2017,2,5,6,True,7.0,10000.0,False,False,True,False,False,False,False,False,False,False,False,True,False,False,False,False
01/08/2017,8095,5411,810,2017-08-13 00:00:00,75.0,1,17007.21,-1,2017,8,13,6,True,8.0,75.0,False,True,False,False,False,False,False,False,False,False,False,False,True,False,False,False
01/04/2017,1800,5411,810,2017-04-26 00:00:00,1192.0,1,117717.52,-1,2017,4,26,2,False,8.0,1192.0,False,False,True,False,False,False,False,False,False,False,False,False,True,False,False,False
01/02/2017,7191,6011,810,2017-02-28 10:45:02,900.0,0,0.0,-1,2017,2,28,1,False,7.0,900.0,False,True,False,False,False,False,False,False,False,False,False,False,False,False,False,True
01/02/2017,5214,5499,810,2017-02-22 00:00:00,228.0,0,0.0,-1,2017,2,22,2,False,8.0,228.0,False,True,False,False,False,False,False,False,False,False,False,False,True,False,False,False
01/04/2017,1233,5912,810,2017-04-20 00:00:00,12.7,0,0.0,-1,2017,4,20,3,False,11.0,12.7,False,False,True,False,False,False,False,False,False,False,False,False,True,False,False,False
01/08/2017,6948,5411,810,2017-08-15 00:00:00,648.0,1,314.0,-1,2017,8,15,1,False,8.0,648.0,False,True,False,False,False,False,False,False,False,False,False,False,True,False,False,False
01/02/2017,2884,5921,810,2017-02-09 00:00:00,528.0,1,78403.97,-1,2017,2,9,3,False,11.0,528.0,False,False,True,False,False,False,False,False,False,False,False,False,True,False,False,False
01/08/2017,7081,5814,810,2017-08-02 00:00:00,100.0,1,664591.52,-1,2017,8,2,2,False,11.0,100.0,False,True,False,False,False,False,False,False,False,False,False,False,True,False,False,False
01/06/2017,1782,6011,810,2017-06-05 00:00:00,25000.0,1,87582.84,-1,2017,6,5,0,False,7.0,25000.0,False,False,True,False,False,False,False,False,False,False,False,False,False,False,True,False
01/12/2016,9028,6011,810,2016-12-19 13:28:41,900.0,0,0.0,-1,2016,12,19,0,False,7.0,900.0,False,True,False,False,False,False,False,False,False,False,False,False,False,False,False,True
01/05/2017,443,4812,810,2017-05-20 00:00:00,700.0,1,103713.54,-1,2017,5,20,5,True,6.0,700.0,False,False,True,False,False,False,False,False,False,False,False,False,True,False,False,False
01/01/2017,6776,5411,810,2017-01-29 00:00:00,114.0,0,0.0,-1,2017,1,29,6,True,8.0,114.0,False,True,False,False,False,False,False,False,False,False,False,False,True,False,False,False
01/07/2017,9708,5734,840,2017-07-14 00:00:00,1.0,0,0.0,-1,2017,7,14,4,False,11.0,1.0,False,True,False,False,False,False,False,False,False,False,False,False,True,False,False,False
01/10/2017,2853,5411,810,2017-10-03 00:00:00,66.0,1,239740.62,-1,2017,10,3,1,False,8.0,66.0,False,False,True,False,False,False,False,False,False,False,False,False,True,False,False,False
01/03/2017,2524,6011,810,2017-03-14 07:11:02,20000.0,0,0.0,-1,2017,3,14,1,False,7.0,20000.0,False,False,True,False,False,False,False,False,False,False,False,False,False,False,False,True
01/12/2016,6175,5411,810,2016-12-07 00:00:00,229.0,0,0.0,-1,2016,12,7,2,False,8.0,229.0,False,True,False,False,False,False,False,False,False,False,False,False,True,False,False,False
01/03/2017,1544,6011,810,2017-03-31 15:13:16,10000.0,1,91224.49,-1,2017,3,31,4,False,7.0,10000.0,False,False,True,False,False,False,False,False,False,False,False,False,False,False,False,True
01/07/2017,5504,5411,810,2017-07-03 00:00:00,363.61,1,143103.02,-1,2017,7,3,0,False,8.0,363.61,False,True,False,False,False,False,False,False,False,False,False,False,True,False,False,False
01/04/2017,2258,5813,810,2017-04-15 00:00:00,80.0,1,242839.03,-1,2017,4,15,5,True,11.0,80.0,False,False,True,False,False,False,False,False,False,False,False,False,True,False,False,False
01/11/2016,2254,5411,810,2016-11-09 00:00:00,2874.0,1,333.4,-1,2016,11,9,2,False,8.0,2874.0,False,False,True,False,False,False,False,False,False,False,False,False,True,False,False,False
01/02/2017,3816,5812,810,2017-02-26 00:00:00,740.0,1,100999.75,-1,2017,2,26,6,True,11.0,740.0,False,True,False,False,False,False,False,False,False,False,False,False,True,False,False,False
01/11/2016,9830,5541,810,2016-11-19 00:00:00,1000.0,0,0.0,-1,2016,11,19,5,True,9.0,1000.0,False,True,False,False,False,False,False,False,False,False,False,False,True,False,False,False
01/03/2017,3736,5411,810,2017-03-21 00:00:00,336.0,1,83969.42,-1,2017,3,21,1,False,8.0,336.0,False,True,False,False,False,False,False,False,False,False,False,False,True,False,False,False
01/07/2017,4159,9399,810,2017-07-04 00:00:00,252.5,1,254284.04,-1,2017,7,4,1,False,19.0,252.5,False,True,False,False,False,False,False,False,False,False,False,False,True,False,False,False
01/12/2017,885,5411,810,2017-12-13 00:00:00,5952.0,1,475091.48,-1,2017,12,13,2,False,8.0,5952.0,False,False,True,False,False,False,False,False,False,False,False,False,True,False,False,False
01/11/2016,8297,5499,810,2016-11-05 00:00:00,135.0,0,0.0,-1,2016,11,5,5,True,8.0,135.0,False,True,False,False,False,False,False,False,False,False,False,False,True,False,False,False
01/06/2017,718,5411,810,2017-06-22 00:00:00,682.36,1,85820.33,-1,2017,6,22,3,False,8.0,682.36,False,False,True,False,False,False,False,False,False,False,False,False,True,False,False,False
01/03/2017,6990,6011,810,2017-03-11 16:39:06,13500.0,0,0.0,1,2017,3,11,5,True,7.0,13500.0,False,True,False,False,False,False,False,False,False,False,False,True,False,False,False,False
01/01/2017,1278,5541,810,2017-01-12 00:00:00,1000.0,1,1000.0,-1,2017,1,12,3,False,9.0,1000.0,False,False,True,False,False,False,False,False,False,False,False,False,True,False,False,False
01/12/2016,8237,5411,810,2016-12-15 00:00:00,360.42,1,7624.83,-1,2016,12,15,3,False,8.0,360.42,False,True,False,False,False,False,False,False,False,False,False,False,True,False,False,False
01/05/2017,1885,6011,810,2017-05-04 16:32:09,7500.0,1,20947.5,-1,2017,5,4,3,False,7.0,7500.0,False,False,True,False,False,False,False,False,False,False,False,False,False,False,False,True
01/01/2017,3103,5411,810,2017-01-23 00:00:00,148.0,1,8513.2,-1,2017,1,23,0,False,8.0,148.0,False,False,True,False,False,False,False,False,False,False,False,False,True,False,False,False
01/01/2017,7973,5411,810,2017-01-21 00:00:00,456.0,1,20820.89,-1,2017,1,21,5,True,8.0,456.0,False,True,False,False,False,False,False,False,False,False,False,False,True,False,False,False
01/06/2017,5299,5812,810,2017-06-26 00:00:00,620.0,1,733241.17,-1,2017,6,26,0,False,11.0,620.0,False,True,False,False,False,False,False,False,False,False,False,False,True,False,False,False
01/11/2016,7622,5533,810,2016-11-03 00:00:00,125.0,0,0.0,-1,2016,11,3,3,False,9.0,125.0,False,True,False,False,False,False,False,False,False,False,False,False,True,False,False,False
01/05/2017,8349,5812,810,2017-05-09 00:00:00,528.0,0,0.0,-1,2017,5,9,1,False,11.0,528.0,False,True,False,False,False,False,False,False,False,False,False,False,True,False,False,False
01/07/2017,1068,5411,810,2017-07-03 00:00:00,474.0,1,165020.93,-1,2017,7,3,0,False,8.0,474.0,False,False,True,False,False,False,False,False,False,False,False,False,True,False,False,False
01/10/2017,4610,5814,810,2017-10-07 00:00:00,748.0,1,293725.13,-1,2017,10,7,5,True,11.0,748.0,False,True,False,False,False,False,False,False,False,False,False,False,True,False,False,False
01/09/2017,274,5499,810,2017-09-12 00:00:00,109.0,1,130164.1,-1,2017,9,12,1,False,8.0,109.0,False,False,True,False,False,False,False,False,False,False,False,False,True,False,False,False
01/11/2016,2086,5814,810,2016-11-04 00:00:00,305.0,1,134490.65,-1,2016,11,4,4,False,11.0,305.0,False,False,True,False,False,False,False,False,False,False,False,False,True,False,False,False
01/04/2017,2364,6011,810,2017-04-26 18:20:59,200000.0,1,68534.21,-1,2017,4,26,2,False,7.0,200000.0,False,False,True,False,False,False,False,False,False,False,False,False,False,False,False,True
01/07/2017,4211,4511,810,2017-07-31 00:00:00,52000.0,0,0.0,1,2017,7,31,0,False,5.0,52000.0,False,True,False,False,False,False,True,False,False,False,False,False,False,False,False,False
01/05/2017,2832,5211,810,2017-05-20 00:00:00,2925.0,1,60350.46,-1,2017,5,20,5,True,8.0,2925.0,False,False,True,False,False,False,False,False,False,False,False,False,True,False,False,False
01/12/2016,2282,6011,810,2016-12-13 00:00:00,35000.0,1,22235.4,-1,2016,12,13,1,False,7.0,35000.0,False,False,True,False,False,False,False,False,False,False,False,False,False,True,False,False
01/04/2017,6204,5541,810,2017-04-17 00:00:00,1000.0,0,0.0,-1,2017,4,17,0,False,9.0,1000.0,False,True,False,False,False,False,False,False,False,False,False,False,True,False,False,False
01/02/2017,9078,5411,810,2017-02-03 00:00:00,528.0,1,288486.11,-1,2017,2,3,4,False,8.0,528.0,False,True,False,False,False,False,False,False,False,False,False,False,True,False,False,False
01/12/2016,9371,5499,810,2016-12-17 00:00:00,679.0,1,41905.36,-1,2016,12,17,5,True,8.0,679.0,False,True,False,False,False,False,False,False,False,False,False,False,True,False,False,False
01/03/2017,5239,4722,978,2017-03-05 00:00:00,818.58,1,129984.94,-1,2017,3,5,6,True,5.0,818.58,False,True,False,False,False,False,False,False,False,False,False,False,True,False,False,False
01/09/2017,1217,5813,810,2017-09-23 00:00:00,450.0,1,356597.69,-1,2017,9,23,5,True,11.0,450.0,False,False,True,False,False,False,False,False,False,False,False,False,True,False,False,False
01/12/2017,4820,5411,810,2017-12-15 00:00:00,504.84,1,6476.09,-1,2017,12,15,4,False,8.0,504.84,False,True,False,False,False,False,False,False,False,False,False,False,True,False,False,False
01/05/2017,6438,5812,810,2017-05-13 00:00:00,950.0,0,0.0,-1,2017,5,13,5,True,11.0,950.0,False,True,False,False,False,False,False,False,False,False,False,False,True,False,False,False
01/09/2017,652,5812,810,2017-09-07 00:00:00,645.0,1,25228.22,-1,2017,9,7,3,False,11.0,645.0,False,False,True,False,False,False,False,False,False,False,False,False,True,False,False,False
01/09/2017,4938,5814,810,2017-09-09 00:00:00,835.0,1,11494.62,-1,2017,9,9,5,True,11.0,835.0,False,True,False,False,False,False,False,False,False,False,False,False,True,False,False,False
01/03/2018,3352,7011,980,2018-03-04 00:00:00,2757.57,1,366112.04,-1,2018,3,4,6,True,4.0,2757.57,False,False,False,True,False,False,False,False,False,False,False,False,True,False,False,False
01/08/2017,4183,6011,810,2017-08-16 00:00:00,3000.0,1,132726.55,-1,2017,8,16,2,False,7.0,3000.0,False,True,False,False,False,False,False,False,False,False,False,False,False,False,True,False
01/07/2017,4546,5814,810,2017-07-21 00:00:00,650.85,1,575421.59,-1,2017,7,21,4,False,11.0,650.85,False,True,False,False,False,False,False,False,False,False,False,False,True,False,False,False
01/12/2016,5641,5411,810,2016-12-11 00:00:00,205.8,0,0.0,-1,2016,12,11,6,True,8.0,205.8,False,True,False,False,False,False,False,False,False,False,False,False,True,False,False,False
01/03/2017,7921,5814,810,2017-03-18 00:00:00,1168.5,0,0.0,-1,2017,3,18,5,True,11.0,1168.5,False,True,False,False,False,False,False,False,False,False,False,False,True,False,False,False
01/06/2017,2519,5499,810,2017-06-05 00:00:00,30.0,1,224125.16,-1,2017,6,5,0,False,8.0,30.0,False,False,True,False,False,False,False,False,False,False,False,False,True,False,False,False
01/05/2017,520,4829,810,2017-05-12 05:26:35,14124.0,0,0.0,1,2017,5,12,4,False,7.0,14124.0,False,False,True,False,False,False,False,True,False,False,False,False,False,False,False,False
01/03/2017,3144,7997,810,2017-03-14 00:00:00,300.0,1,14194.63,-1,2017,3,14,1,False,16.0,300.0,False,False,True,False,False,False,False,False,False,False,False,False,True,False,False,False
01/01/2017,9399,4816,810,2017-01-14 00:00:00,1000.0,1,117766.8,-1,2017,1,14,5,True,6.0,1000.0,False,True,False,False,False,False,False,False,False,False,False,False,True,False,False,False
01/05/2017,3731,5999,810,2017-05-04 15:55:47,100.0,1,200540.36,-1,2017,5,4,3,False,11.0,100.0,False,True,False,False,False,False,False,False,False,False,False,False,True,False,False,False
01/12/2016,8346,5912,810,2016-12-18 00:00:00,2122.0,1,14100.51,-1,2016,12,18,6,True,11.0,2122.0,False,True,False,False,False,False,False,False,False,False,False,False,True,False,False,False
01/08/2017,2027,5812,810,2017-08-07 00:00:00,310.0,1,169479.94,-1,2017,8,7,0,False,11.0,310.0,False,False,True,False,False,False,False,False,False,False,False,False,True,False,False,False
01/12/2016,8377,5411,810,2016-12-13 00:00:00,470.0,0,0.0,-1,2016,12,13,1,False,8.0,470.0,False,True,False,False,False,False,False,False,False,False,False,False,True,False,False,False
01/04/2017,375,5912,810,2017-04-23 00:00:00,360.9,1,239923.5,-1,2017,4,23,6,True,11.0,360.9,False,False,True,False,False,False,False,False,False,False,False,False,True,False,False,False
01/07/2017,8688,5411,810,2017-07-15 00:00:00,17.4,1,107.0,-1,2017,7,15,5,True,8.0,17.4,False,True,False,False,False,False,False,False,False,False,False,False,True,False,False,False
01/01/2017,7982,5651,810,2017-01-25 00:00:00,399.0,1,333411.7,-1,2017,1,25,2,False,10.0,399.0,False,True,False,False,False,False,False,False,False,False,False,False,True,False,False,False
01/07/2017,6299,5999,810,2017-07-14 00:00:00,30.0,0,0.0,-1,2017,7,14,4,False,11.0,30.0,False,True,False,False,False,False,False,False,False,False,False,False,True,False,False,False
01/09/2017,4261,5661,810,2017-09-20 00:00:00,8896.0,1,60309.74,-1,2017,9,20,2,False,10.0,8896.0,False,True,False,False,False,False,False,False,False,False,False,False,True,False,False,False
01/05/2017,6011,6011,810,2017-05-05 15:35:58,10000.0,0,0.0,-1,2017,5,5,4,False,7.0,10000.0,False,True,False,False,False,False,False,False,False,False,False,False,False,False,False,True
01/08/2017,1329,5812,810,2017-08-20 00:00:00,930.0,1,387767.99,-1,2017,8,20,6,True,11.0,930.0,False,False,True,False,False,False,False,False,False,False,False,False,True,False,False,False
01/07/2017,3742,5912,810,2017-07-01 00:00:00,610.0,0,0.0,-1,2017,7,1,5,True,11.0,610.0,False,True,False,False,False,False,False,False,False,False,False,False,True,False,False,False
01/02/2017,1104,5814,810,2017-02-08 00:00:00,386.75,1,1543.0,-1,2017,2,8,2,False,11.0,386.75,False,False,True,False,False,False,False,False,False,False,False,False,True,False,False,False
01/03/2017,6815,5699,810,2017-03-22 00:00:00,13517.0,1,1188.34,-1,2017,3,22,2,False,10.0,13517.0,False,True,False,False,False,False,False,False,False,False,False,False,True,False,False,False
01/07/2017,4392,5411,810,2017-07-21 00:00:00,2055.0,1,34188.07,-1,2017,7,21,4,False,8.0,2055.0,False,True,False,False,False,False,False,False,False,False,False,False,True,False,False,False
01/04/2017,98,5411,810,2017-04-14 00:00:00,1411.12,1,180482.96,-1,2017,4,14,4,False,8.0,1411.12,False,False,False,False,False,True,False,False,False,False,False,False,True,False,False,False
01/03/2017,61,5331,810,2017-03-17 00:00:00,96.0,1,298403.49,-1,2017,3,17,4,False,8.0,96.0,False,False,False,False,False,True,False,False,False,False,False,False,True,False,False,False
01/03/2017,1367,7523,810,2017-03-23 00:00:00,710.5,1,4851.8,-1,2017,3,23,3,False,14.0,710.5,False,False,True,False,False,False,False,False,False,False,False,False,True,False,False,False
01/04/2017,6564,5411,810,2017-04-15 00:00:00,299.0,1,55067.52,-1,2017,4,15,5,True,8.0,299.0,False,True,False,False,False,False,False,False,False,False,False,False,True,False,False,False
01/03/2017,9947,5411,810,2017-03-24 00:00:00,350.4,0,0.0,-1,2017,3,24,4,False,8.0,350.4,False,True,False,False,False,False,False,False,False,False,False,False,True,False,False,False
01/02/2018,2143,5814,810,2018-02-09 00:00:00,350.0,0,0.0,-1,2018,2,9,4,False,11.0,350.0,False,False,True,False,False,False,False,False,False,False,False,False,True,False,False,False
01/09/2017,2268,7523,810,2017-09-28 00:00:00,195.0,1,8216.31,-1,2017,9,28,3,False,14.0,195.0,False,False,True,False,False,False,False,False,False,False,False,False,True,False,False,False
01/06/2017,5656,6011,810,2017-06-19 10:40:09,34000.0,0,0.0,-1,2017,6,19,0,False,7.0,34000.0,False,True,False,False,False,False,False,False,False,False,False,False,False,False,False,True
01/03/2017,1991,5912,810,2017-03-06 00:00:00,10000.0,1,613814.35,-1,2017,3,6,0,False,11.0,10000.0,False,False,True,False,False,False,False,False,False,False,False,False,True,False,False,False
01/07/2017,4832,5814,810,2017-07-13 00:00:00,137.0,1,44694.1,-1,2017,7,13,3,False,11.0,137.0,False,True,False,False,False,False,False,False,False,False,False,False,True,False,False,False
01/09/2017,1000,5912,810,2017-09-09 00:00:00,578.1,1,8573.11,-1,2017,9,9,5,True,11.0,578.1,False,False,True,False,False,False,False,False,False,False,False,False,True,False,False,False
01/06/2017,2726,5691,810,2017-06-26 00:00:00,499.0,1,190850.33,-1,2017,6,26,0,False,10.0,499.0,False,False,True,False,False,False,False,False,False,False,False,False,True,False,False,False
01/08/2017,6212,5912,810,2017-08-14 00:00:00,205.0,0,0.0,-1,2017,8,14,0,False,11.0,205.0,False,True,False,False,False,False,False,False,False,False,False,False,True,False,False,False
01/01/2017,4891,5912,810,2017-01-29 00:00:00,214.9,1,64615.76,-1,2017,1,29,6,True,11.0,214.9,False,True,False,False,False,False,False,False,False,False,False,False,True,False,False,False
01/05/2017,54,5814,810,2017-05-02 00:00:00,49.0,0,0.0,-1,2017,5,2,1,False,11.0,49.0,False,False,False,False,False,True,False,False,False,False,False,False,True,False,False,False
01/07/2017,4419,6011,810,2017-07-05 16:41:57,40000.0,0,0.0,-1,2017,7,5,2,False,7.0,40000.0,False,True,False,False,False,False,False,False,False,False,False,False,False,False,False,True
01/05/2017,2063,5411,933,2017-05-01 00:00:00,3.55,1,61488.6,-1,2017,5,1,0,False,8.0,3.55,False,False,True,False,False,False,False,False,False,False,False,False,True,False,False,False
01/04/2017,3157,6011,810,2017-04-01 13:10:20,5000.0,1,102638.99,1,2017,4,1,5,True,7.0,5000.0,False,False,True,False,False,False,False,False,False,False,False,True,False,False,False,False
01/11/2016,6587,5814,810,2016-11-22 00:00:00,535.0,1,124601.51,-1,2016,11,22,1,False,11.0,535.0,False,True,False,False,False,False,False,False,False,False,False,False,True,False,False,False
01/05/2017,3010,5499,810,2017-05-17 00:00:00,579.54,1,141746.53,-1,2017,5,17,2,False,8.0,579.54,False,False,True,False,False,False,False,False,False,False,False,False,True,False,False,False
01/01/2017,10214,8099,810,2017-01-19 00:00:00,1450.0,0,0.0,-1,2017,1,19,3,False,17.0,1450.0,False,True,False,False,False,False,False,False,False,False,False,False,True,False,False,False
01/08/2017,4945,5611,810,2017-08-10 00:00:00,7000.0,1,4750571.61,-1,2017,8,10,3,False,10.0,7000.0,False,True,False,False,False,False,False,False,False,False,False,False,True,False,False,False
01/07/2017,8056,5499,810,2017-07-29 00:00:00,47.0,0,0.0,-1,2017,7,29,5,True,8.0,47.0,False,True,False,False,False,False,False,False,False,False,False,False,True,False,False,False
01/07/2017,1007,6011,810,2017-07-12 13:21:22,1400.0,1,364235.29,-1,2017,7,12,2,False,7.0,1400.0,False,False,True,False,False,False,False,False,False,False,False,False,False,False,False,True
01/06/2017,847,6011,810,2017-06-26 17:13:15,21000.0,1,213454.21,-1,2017,6,26,0,False,7.0,21000.0,False,False,True,False,False,False,False,False,False,False,False,False,False,False,False,True
01/07/2017,8446,5499,810,2017-07-07 00:00:00,295.84,1,12.8,-1,2017,7,7,4,False,8.0,295.84,False,True,False,False,False,False,False,False,False,False,False,False,True,False,False,False
01/12/2016,6776,5411,810,2016-12-04 00:00:00,189.0,0,0.0,-1,2016,12,4,6,True,8.0,189.0,False,True,False,False,False,False,False,False,False,False,False,False,True,False,False,False
01/08/2017,4355,6012,810,2017-08-23 22:28:21,15000.0,0,0.0,1,2017,8,23,2,False,7.0,15000.0,False,True,False,False,False,False,False,True,False,False,False,False,False,False,False,False
01/05/2017,3707,5411,810,2017-05-04 00:00:00,190.0,1,139155.97,-1,2017,5,4,3,False,8.0,190.0,False,True,False,False,False,False,False,False,False,False,False,False,True,False,False,False
01/12/2016,7003,5499,810,2016-12-01 00:00:00,200.7,1,9635.05,-1,2016,12,1,3,False,8.0,200.7,False,True,False,False,False,False,False,False,False,False,False,False,True,False,False,False
01/12/2016,6160,4121,810,2016-12-11 00:00:00,459.58,1,157837.39,-1,2016,12,11,6,True,5.0,459.58,False,True,False,False,False,False,False,False,False,False,False,False,True,False,False,False
01/12/2016,9786,7299,810,2016-12-09 00:00:00,9500.0,1,111083.69,-1,2016,12,9,4,False,13.0,9500.0,False,True,False,False,False,False,False,False,False,False,False,False,True,False,False,False
01/08/2017,3088,5533,810,2017-08-19 00:00:00,50.0,0,0.0,-1,2017,8,19,5,True,9.0,50.0,False,False,True,False,False,False,False,False,False,False,False,False,True,False,False,False
01/12/2016,8809,5541,810,2016-12-29 00:00:00,1500.5,0,0.0,-1,2016,12,29,3,False,9.0,1500.5,False,True,False,False,False,False,False,False,False,False,False,False,True,False,False,False
01/08/2017,525,4121,810,2017-08-12 00:00:00,155.0,1,492085.83,-1,2017,8,12,5,True,5.0,155.0,False,False,True,False,False,False,False,False,False,False,False,False,True,False,False,False
01/09/2017,274,5411,810,2017-09-03 00:00:00,440.24,1,130164.1,-1,2017,9,3,6,True,8.0,440.24,False,False,True,False,False,False,False,False,False,False,False,False,True,False,False,False
01/11/2016,5263,5411,810,2016-11-19 00:00:00,594.0,1,1400.0,-1,2016,11,19,5,True,8.0,594.0,False,True,False,False,False,False,False,False,False,False,False,False,True,False,False,False
01/02/2017,6776,5814,810,2017-02-27 00:00:00,143.0,0,0.0,-1,2017,2,27,0,False,11.0,143.0,False,True,False,False,False,False,False,False,False,False,False,False,True,False,False,False
01/01/2017,8216,5814,810,2017-01-29 00:00:00,100.0,0,0.0,-1,2017,1,29,6,True,11.0,100.0,False,True,False,False,False,False,False,False,False,False,False,False,True,False,False,False
01/08/2017,1525,5999,810,2017-08-14 07:05:42,290.0,1,209698.48,-1,2017,8,14,0,False,11.0,290.0,False,False,True,False,False,False,False,False,False,False,False,False,True,False,False,False
01/05/2017,9675,5814,810,2017-05-31 00:00:00,550.0,0,0.0,-1,2017,5,31,2,False,11.0,550.0,False,True,False,False,False,False,False,False,False,False,False,False,True,False,False,False
01/02/2017,9508,5411,810,2017-02-23 00:00:00,762.5,0,0.0,-1,2017,2,23,3,False,8.0,762.5,False,True,False,False,False,False,False,False,False,False,False,False,True,False,False,False
01/07/2017,6639,7832,810,2017-07-16 00:00:00,255.0,0,0.0,-1,2017,7,16,6,True,16.0,255.0,False,True,False,False,False,False,False,False,False,False,False,False,True,False,False,False
01/12/2016,9894,6012,810,2016-12-02 15:08:51,100.0,1,554.0,1,2016,12,2,4,False,7.0,100.0,False,True,False,False,False,False,False,False,False,False,False,True,False,False,False,False
01/03/2017,1570,5812,980,2017-03-29 00:00:00,225.0,1,39444.76,-1,2017,3,29,2,False,11.0,225.0,False,False,True,False,False,False,False,False,False,False,False,False,True,False,False,False
01/04/2017,8064,5812,810,2017-04-13 00:00:00,2060.0,0,0.0,-1,2017,4,13,3,False,11.0,2060.0,False,True,False,False,False,False,False,False,False,False,False,False,True,False,False,False
01/01/2017,1416,6011,810,2017-01-16 00:00:00,5000.0,1,361240.17,-1,2017,1,16,0,False,7.0,5000.0,False,False,True,False,False,False,False,False,False,False,False,False,False,False,True,False
01/07/2017,4480,5411,348,2017-07-30 00:00:00,564.0,1,194646.21,-1,2017,7,30,6,True,8.0,564.0,False,True,False,False,False,False,False,False,False,False,False,False,True,False,False,False
01/01/2017,9937,5311,810,2017-01-05 00:00:00,120.0,0,0.0,-1,2017,1,5,3,False,8.0,120.0,False,True,False,False,False,False,False,False,False,False,False,False,True,False,False,False
01/07/2017,3919,5814,810,2017-07-09 00:00:00,457.78,0,0.0,-1,2017,7,9,6,True,11.0,457.78,False,True,False,False,False,False,False,False,False,False,False,False,True,False,False,False
01/11/2017,3258,5411,810,2017-11-21 00:00:00,335.0,1,255137.37,-1,2017,11,21,1,False,8.0,335.0,False,False,True,False,False,False,False,False,False,False,False,False,True,False,False,False
01/12/2016,9212,6012,810,2016-12-11 10:53:30,32500.0,0,0.0,1,2016,12,11,6,True,7.0,32500.0,False,True,False,False,False,False,False,False,False,False,False,True,False,False,False,False
01/05/2017,430,6012,810,2017-05-27 11:48:47,29000.0,1,10750.09,1,2017,5,27,5,True,7.0,29000.0,False,False,True,False,False,False,False,False,False,False,False,True,False,False,False,False
01/08/2017,9279,5411,810,2017-08-23 00:00:00,465.27,0,0.0,-1,2017,8,23,2,False,8.0,465.27,False,True,False,False,False,False,False,False,False,False,False,False,True,False,False,False
01/07/2017,8691,5411,978,2017-07-02 00:00:00,22.55,0,0.0,-1,2017,7,2,6,True,8.0,22.55,False,True,False,False,False,False,False,False,False,False,False,False,True,False,False,False
01/04/2017,5055,5411,810,2017-04-30 00:00:00,1264.0,1,15887.31,-1,2017,4,30,6,True,8.0,1264.0,False,True,False,False,False,False,False,False,False,False,False,False,True,False,False,False
01/06/2017,2532,5411,810,2017-06-19 00:00:00,1130.5,1,298394.91,-1,2017,6,19,0,False,8.0,1130.5,False,False,True,False,False,False,False,False,False,False,False,False,True,False,False,False
01/07/2017,1326,5999,810,2017-07-17 16:12:06,3353.03,1,277715.86,-1,2017,7,17,0,False,11.0,3353.03,False,False,True,False,False,False,False,False,False,False,False,False,True,False,False,False
01/01/2017,7930,5411,810,2017-01-31 00:00:00,1874.0,1,197031.27,-1,2017,1,31,1,False,8.0,1874.0,False,True,False,False,False,False,False,False,False,False,False,False,True,False,False,False
01/05/2017,6617,5812,810,2017-05-16 00:00:00,120.0,1,39648.9,-1,2017,5,16,1,False,11.0,120.0,False,True,False,False,False,False,False,False,False,False,False,False,True,False,False,False
01/03/2017,9064,6011,810,2017-03-06 15:54:40,500.0,0,0.0,1,2017,3,6,0,False,7.0,500.0,False,True,False,False,False,False,False,False,False,False,False,True,False,False,False,False
01/07/2017,8056,5814,810,2017-07-12 00:00:00,25.0,0,0.0,-1,2017,7,12,2,False,11.0,25.0,False,True,False,False,False,False,False,False,False,False,False,False,True,False,False,False
01/01/2018,2809,5411,810,2018-01-01 00:00:00,921.7,1,97442.58,-1,2018,1,1,0,False,8.0,921.7,False,False,True,False,False,False,False,False,False,False,False,False,True,False,False,False
01/05/2017,5497,5941,810,2017-05-08 00:00:00,3999.0,1,2161.6,-1,2017,5,8,0,False,11.0,3999.0,False,True,False,False,False,False,False,False,False,False,False,False,True,False,False,False
01/07/2017,2538,5411,810,2017-07-02 00:00:00,1314.36,1,852196.94,-1,2017,7,2,6,True,8.0,1314.36,False,False,True,False,False,False,False,False,False,False,False,False,True,False,False,False
01/07/2017,702,5912,810,2017-07-07 00:00:00,300.0,1,12702.73,-1,2017,7,7,4,False,11.0,300.0,False,False,True,False,False,False,False,False,False,False,False,False,True,False,False,False
01/01/2017,9988,5331,810,2017-01-28 00:00:00,419.0,1,63386.85,-1,2017,1,28,5,True,8.0,419.0,False,True,False,False,False,False,False,False,False,False,False,False,True,False,False,False
01/02/2017,2541,4829,810,2017-02-01 23:20:41,650.0,1,227869.3,1,2017,2,1,2,False,7.0,650.0,False,False,True,False,False,False,False,True,False,False,False,False,False,False,False,False
01/04/2017,2056,5814,810,2017-04-22 00:00:00,284.0,1,51617.86,-1,2017,4,22,5,True,11.0,284.0,False,False,True,False,False,False,False,False,False,False,False,False,True,False,False,False
01/08/2017,4233,5814,810,2017-08-03 00:00:00,39.0,1,373912.54,-1,2017,8,3,3,False,11.0,39.0,False,True,False,False,False,False,False,False,False,False,False,False,True,False,False,False
01/05/2017,1818,5814,810,2017-05-22 00:00:00,380.0,1,108283.53,-1,2017,5,22,0,False,11.0,380.0,False,False,True,False,False,False,False,False,False,False,False,False,True,False,False,False
01/08/2017,7081,5411,810,2017-08-26 00:00:00,1359.0,1,664591.52,-1,2017,8,26,5,True,8.0,1359.0,False,True,False,False,False,False,False,False,False,False,False,False,True,False,False,False
01/12/2016,8452,5912,810,2016-12-28 00:00:00,405.0,0,0.0,-1,2016,12,28,2,False,11.0,405.0,False,True,False,False,False,False,False,False,False,False,False,False,True,False,False,False
01/09/2017,3294,5814,810,2017-09-19 00:00:00,246.0,1,19615.48,-1,2017,9,19,1,False,11.0,246.0,False,False,True,False,False,False,False,False,False,False,False,False,True,False,False,False
01/05/2017,3144,5411,810,2017-05-19 00:00:00,1034.26,1,14194.63,-1,2017,5,19,4,False,8.0,1034.26,False,False,True,False,False,False,False,False,False,False,False,False,True,False,False,False
01/11/2016,7993,7832,810,2016-11-27 00:00:00,260.0,1,2306.0,-1,2016,11,27,6,True,16.0,260.0,False,True,False,False,False,False,False,False,False,False,False,False,True,False,False,False
01/01/2017,1523,5411,810,2017-01-05 00:00:00,377.0,1,71501.27,-1,2017,1,5,3,False,8.0,377.0,False,False,True,False,False,False,False,False,False,False,False,False,True,False,False,False
01/08/2017,5243,5411,810,2017-08-18 00:00:00,8037.31,1,212113.0,-1,2017,8,18,4,False,8.0,8037.31,False,True,False,False,False,False,False,False,False,False,False,False,True,False,False,False
01/06/2017,2063,4121,810,2017-06-05 00:00:00,119.0,1,61488.6,-1,2017,6,5,0,False,5.0,119.0,False,False,True,False,False,False,False,False,False,False,False,False,True,False,False,False
01/05/2017,5572,6011,810,2017-05-28 00:00:00,3000.0,1,84555.14,-1,2017,5,28,6,True,7.0,3000.0,False,True,False,False,False,False,False,False,False,False,False,False,False,True,False,False
01/02/2018,9979,5912,810,2018-02-21 00:00:00,6585.12,1,359395.19,-1,2018,2,21,2,False,11.0,6585.12,False,True,False,False,False,False,False,False,False,False,False,False,True,False,False,False
01/06/2017,2434,5719,810,2017-06-18 00:00:00,1919.0,1,168682.62,-1,2017,6,18,6,True,11.0,1919.0,False,False,True,False,False,False,False,False,False,False,False,False,True,False,False,False
01/01/2017,8461,5921,810,2017-01-23 00:00:00,334.59,1,42.0,-1,2017,1,23,0,False,11.0,334.59,False,True,False,False,False,False,False,False,False,False,False,False,True,False,False,False
01/05/2017,2428,5411,810,2017-05-26 00:00:00,98.0,1,108417.45,-1,2017,5,26,4,False,8.0,98.0,False,False,True,False,False,False,False,False,False,False,False,False,True,False,False,False
01/12/2016,7212,5411,810,2016-12-17 00:00:00,222.8,0,0.0,-1,2016,12,17,5,True,8.0,222.8,False,True,False,False,False,False,False,False,False,False,False,False,True,False,False,False
01/09/2017,757,5912,810,2017-09-30 00:00:00,325.0,1,512161.42,-1,2017,9,30,5,True,11.0,325.0,False,False,True,False,False,False,False,False,False,False,False,False,True,False,False,False
01/05/2017,9014,5921,810,2017-05-22 00:00:00,1555.6,0,0.0,-1,2017,5,22,0,False,11.0,1555.6,False,True,False,False,False,False,False,False,False,False,False,False,True,False,False,False
01/09/2017,645,5411,810,2017-09-08 00:00:00,184.0,1,186296.68,-1,2017,9,8,4,False,8.0,184.0,False,False,True,False,False,False,False,False,False,False,False,False,True,False,False,False
01/04/2017,5439,5812,810,2017-04-05 00:00:00,350.0,1,420190.33,-1,2017,4,5,2,False,11.0,350.0,False,True,False,False,False,False,False,False,False,False,False,False,True,False,False,False
01/12/2016,5595,5921,810,2016-12-17 00:00:00,672.81,1,19149.68,-1,2016,12,17,5,True,11.0,672.81,False,True,False,False,False,False,False,False,False,False,False,False,True,False,False,False
01/02/2017,3736,7372,810,2017-02-28 00:00:00,289.69,1,83969.42,-1,2017,2,28,1,False,14.0,289.69,False,True,False,False,False,False,False,False,False,False,False,False,True,False,False,False
01/02/2017,2190,6011,810,2017-02-28 13:41:08,1000.0,1,323979.39,-1,2017,2,28,1,False,7.0,1000.0,False,False,True,False,False,False,False,False,False,False,False,False,False,True,False,False
01/07/2017,1199,5411,810,2017-07-08 00:00:00,83.9,1,169423.08,-1,2017,7,8,5,True,8.0,83.9,False,False,True,False,False,False,False,False,False,False,False,False,True,False,False,False
01/01/2017,9314,5411,810,2017-01-28 00:00:00,359.75,0,0.0,-1,2017,1,28,5,True,8.0,359.75,False,True,False,False,False,False,False,False,False,False,False,False,True,False,False,False
01/01/2017,9645,5999,810,2017-01-25 00:00:00,3323.54,1,232027.13,-1,2017,1,25,2,False,11.0,3323.54,False,True,False,False,False,False,False,False,False,False,False,False,True,False,False,False
01/04/2017,9429,5211,810,2017-04-24 00:00:00,22.0,0,0.0,-1,2017,4,24,0,False,8.0,22.0,False,True,False,False,False,False,False,False,False,False,False,False,True,False,False,False
01/12/2016,2078,5411,810,2016-12-01 00:00:00,112.2,1,9600.0,-1,2016,12,1,3,False,8.0,112.2,False,False,True,False,False,False,False,False,False,False,False,False,True,False,False,False
01/08/2017,3376,5812,810,2017-08-28 00:00:00,179.0,1,150979.99,-1,2017,8,28,0,False,11.0,179.0,False,False,False,True,False,False,False,False,False,False,False,False,True,False,False,False
01/05/2017,9014,5499,810,2017-05-18 00:00:00,780.0,0,0.0,-1,2017,5,18,3,False,8.0,780.0,False,True,False,False,False,False,False,False,False,False,False,False,True,False,False,False
01/08/2017,6153,4814,810,2017-08-05 00:00:00,850.0,1,183550.91,-1,2017,8,5,5,True,6.0,850.0,False,True,False,False,False,False,False,False,False,False,False,False,True,False,False,False
01/12/2016,7634,5712,810,2016-12-29 00:00:00,3102.0,0,0.0,-1,2016,12,29,3,False,11.0,3102.0,False,True,False,False,False,False,False,False,False,False,False,False,True,False,False,False
01/09/2017,9978,5411,810,2017-09-21 00:00:00,346.0,0,0.0,-1,2017,9,21,3,False,8.0,346.0,False,True,False,False,False,False,False,False,False,False,False,False,True,False,False,False
01/05/2017,5630,4829,810,2017-05-26 13:31:28,4000.0,0,0.0,1,2017,5,26,4,False,7.0,4000.0,False,True,False,False,False,False,False,True,False,False,False,False,False,False,False,False
01/12/2016,4017,6011,810,2016-12-07 12:39:21,10000.0,0,0.0,1,2016,12,7,2,False,7.0,10000.0,False,True,False,False,False,False,False,False,False,False,False,True,False,False,False,False
01/02/2017,7203,6011,810,2017-02-09 10:49:10,30000.0,0,0.0,1,2017,2,9,3,False,7.0,30000.0,False,True,False,False,False,False,False,False,False,False,False,True,False,False,False,False
01/06/2017,1139,5942,810,2017-06-02 00:00:00,2160.0,1,123997.16,-1,2017,6,2,4,False,11.0,2160.0,False,False,True,False,False,False,False,False,False,False,False,False,True,False,False,False
01/07/2017,5297,5411,810,2017-07-09 00:00:00,1064.95,0,0.0,-1,2017,7,9,6,True,8.0,1064.95,False,True,False,False,False,False,False,False,False,False,False,False,True,False,False,False
01/03/2018,5555,5411,810,2018-03-28 00:00:00,804.0,1,121176.49,-1,2018,3,28,2,False,8.0,804.0,False,True,False,False,False,False,False,False,False,False,False,False,True,False,False,False
01/03/2017,3736,4829,810,2017-03-16 20:29:04,11131.74,1,83969.42,1,2017,3,16,3,False,7.0,11131.74,False,True,False,False,False,False,False,True,False,False,False,False,False,False,False,False
01/04/2017,1800,5411,810,2017-04-12 00:00:00,644.0,1,117717.52,-1,2017,4,12,2,False,8.0,644.0,False,False,True,False,False,False,False,False,False,False,False,False,True,False,False,False
01/05/2017,913,5814,810,2017-05-03 00:00:00,147.0,1,449004.29,-1,2017,5,3,2,False,11.0,147.0,False,False,True,False,False,False,False,False,False,False,False,False,True,False,False,False
01/05/2017,505,5499,810,2017-05-19 00:00:00,83.4,1,142739.88,-1,2017,5,19,4,False,8.0,83.4,False,False,True,False,False,False,False,False,False,False,False,False,True,False,False,False
01/06/2017,8347,5200,810,2017-06-19 00:00:00,6365.5,0,0.0,-1,2017,6,19,0,False,8.0,6365.5,False,True,False,False,False,False,False,False,False,False,False,False,True,False,False,False
01/05/2017,10184,6011,810,2017-05-22 15:10:23,10000.0,1,7893.96,-1,2017,5,22,0,False,7.0,10000.0,False,True,False,False,False,False,False,False,False,False,False,False,False,False,False,True
01/03/2017,8697,5712,810,2017-03-04 00:00:00,457.0,0,0.0,-1,2017,3,4,5,True,11.0,457.0,False,True,False,False,False,False,False,False,False,False,False,False,True,False,False,False
01/08/2017,2477,5411,810,2017-08-01 00:00:00,322.0,1,375711.61,-1,2017,8,1,1,False,8.0,322.0,False,False,True,False,False,False,False,False,False,False,False,False,True,False,False,False
01/04/2017,8528,5814,810,2017-04-10 00:00:00,290.0,0,0.0,-1,2017,4,10,0,False,11.0,290.0,False,True,False,False,False,False,False,False,False,False,False,False,True,False,False,False
01/07/2017,3590,5411,810,2017-07-07 00:00:00,1603.0,0,0.0,-1,2017,7,7,4,False,8.0,1603.0,False,True,False,False,False,False,False,False,False,False,False,False,True,False,False,False
01/08/2017,3806,6012,810,2017-08-08 18:19:57,1000.0,1,48244.0,1,2017,8,8,1,False,7.0,1000.0,False,True,False,False,False,False,False,True,False,False,False,False,False,False,False,False
01/09/2017,7526,5499,810,2017-09-18 00:00:00,20.0,0,0.0,-1,2017,9,18,0,False,8.0,20.0,False,True,False,False,False,False,False,False,False,False,False,False,True,False,False,False
01/02/2017,9125,6011,810,2017-02-21 21:04:04,4000.0,0,0.0,1,2017,2,21,1,False,7.0,4000.0,False,True,False,False,False,False,False,False,False,False,False,True,False,False,False,False
01/08/2017,6722,6011,810,2017-08-10 12:55:44,5500.0,0,0.0,1,2017,8,10,3,False,7.0,5500.0,False,True,False,False,False,False,False,False,False,False,False,True,False,False,False,False
01/01/2017,3911,4829,810,2017-01-30 15:58:37,86985.0,1,585548.88,-1,2017,1,30,0,False,7.0,86985.0,False,True,False,False,False,False,False,False,True,False,False,False,False,False,False,False
01/04/2017,8101,5533,810,2017-04-10 00:00:00,765.0,0,0.0,-1,2017,4,10,0,False,9.0,765.0,False,True,False,False,False,False,False,False,False,False,False,False,True,False,False,False
01/07/2017,1663,5732,810,2017-07-29 00:00:00,13390.0,1,231672.69,-1,2017,7,29,5,True,11.0,13390.0,False,False,True,False,False,False,False,False,False,False,False,False,True,False,False,False
01/01/2017,7809,5411,810,2017-01-23 00:00:00,86.1,1,156007.42,-1,2017,1,23,0,False,8.0,86.1,False,True,False,False,False,False,False,False,False,False,False,False,True,False,False,False
01/09/2017,3467,5812,810,2017-09-25 00:00:00,133.0,1,124670.64,-1,2017,9,25,0,False,11.0,133.0,False,True,False,False,False,False,False,False,False,False,False,False,True,False,False,False
01/03/2017,3822,8071,810,2017-03-20 00:00:00,370.0,1,163297.34,-1,2017,3,20,0,False,17.0,370.0,False,True,False,False,False,False,False,False,False,False,False,False,True,False,False,False
01/05/2017,2062,5814,810,2017-05-12 00:00:00,25.0,1,220500.27,-1,2017,5,12,4,False,11.0,25.0,False,False,True,False,False,False,False,False,False,False,False,False,True,False,False,False
01/12/2016,7849,5812,810,2016-12-08 00:00:00,231.0,0,0.0,-1,2016,12,8,3,False,11.0,231.0,False,True,False,False,False,False,False,False,False,False,False,False,True,False,False,False
01/07/2017,1847,5999,810,2017-07-25 11:44:37,400.0,1,7762.32,-1,2017,7,25,1,False,11.0,400.0,False,False,True,False,False,False,False,False,False,False,False,False,True,False,False,False
01/04/2017,8102,7399,978,2017-04-07 00:00:00,3.4,0,0.0,-1,2017,4,7,4,False,14.0,3.4,False,True,False,False,False,False,False,False,False,False,False,False,True,False,False,False
01/10/2017,10207,5541,810,2017-10-11 00:00:00,1500.1,1,27856.23,-1,2017,10,11,2,False,9.0,1500.1,False,True,False,False,False,False,False,False,False,False,False,False,True,False,False,False
01/05/2017,1053,5411,810,2017-05-01 00:00:00,279.0,1,97883.56,-1,2017,5,1,0,False,8.0,279.0,False,False,True,False,False,False,False,False,False,False,False,False,True,False,False,False
01/06/2017,2126,5541,810,2017-06-14 00:00:00,1597.6,1,146683.68,-1,2017,6,14,2,False,9.0,1597.6,False,False,True,False,False,False,False,False,False,False,False,False,True,False,False,False
01/08/2017,1887,5812,810,2017-08-04 00:00:00,415.0,1,110505.64,-1,2017,8,4,4,False,11.0,415.0,False,False,True,False,False,False,False,False,False,False,False,False,True,False,False,False
01/07/2017,548,4812,810,2017-07-10 00:00:00,19887.0,1,135350.74,-1,2017,7,10,0,False,6.0,19887.0,False,False,True,False,False,False,False,False,False,False,False,False,True,False,False,False
01/10/2017,1201,6011,810,2017-10-11 00:00:00,10000.0,1,146518.43,-1,2017,10,11,2,False,7.0,10000.0,False,False,True,False,False,False,False,False,False,False,False,False,False,False,True,False
01/02/2017,7859,5912,810,2017-02-07 00:00:00,213.9,0,0.0,-1,2017,2,7,1,False,11.0,213.9,False,True,False,False,False,False,False,False,False,False,False,False,True,False,False,False
01/09/2017,10001,4814,810,2017-09-21 00:00:00,10.0,0,0.0,-1,2017,9,21,3,False,6.0,10.0,False,True,False,False,False,False,False,False,False,False,False,False,True,False,False,False
01/04/2017,2126,5912,810,2017-04-02 00:00:00,141.5,1,146683.68,-1,2017,4,2,6,True,11.0,141.5,False,False,True,False,False,False,False,False,False,False,False,False,True,False,False,False
01/11/2016,8948,5047,810,2016-11-18 00:00:00,19240.0,0,0.0,-1,2016,11,18,4,False,1.0,19240.0,False,True,False,False,False,False,False,False,False,False,False,False,True,False,False,False
01/06/2017,1681,5411,810,2017-06-26 00:00:00,99.11,1,26823.19,-1,2017,6,26,0,False,8.0,99.11,False,False,True,False,False,False,False,False,False,False,False,False,True,False,False,False
01/12/2017,1473,6011,810,2017-12-27 16:06:12,40000.0,1,852196.94,-1,2017,12,27,2,False,7.0,40000.0,False,False,True,False,False,False,False,False,False,False,False,False,False,False,False,True
01/06/2017,7903,5411,810,2017-06-06 00:00:00,143.0,0,0.0,-1,2017,6,6,1,False,8.0,143.0,False,True,False,False,False,False,False,False,False,False,False,False,True,False,False,False
01/03/2017,3527,5912,810,2017-03-27 00:00:00,531.0,0,0.0,-1,2017,3,27,0,False,11.0,531.0,False,True,False,False,False,False,False,False,False,False,False,False,True,False,False,False
01/12/2016,6193,5814,764,2016-12-31 00:00:00,155.0,1,334.73,-1,2016,12,31,5,True,11.0,155.0,False,True,False,False,False,False,False,False,False,False,False,False,True,False,False,False
01/06/2017,5028,5661,810,2017-06-11 00:00:00,6890.0,1,948153.83,-1,2017,6,11,6,True,10.0,6890.0,False,True,False,False,False,False,False,False,False,False,False,False,True,False,False,False
01/01/2017,9831,5499,810,2017-01-12 00:00:00,46.0,0,0.0,-1,2017,1,12,3,False,8.0,46.0,False,True,False,False,False,False,False,False,False,False,False,False,True,False,False,False
01/08/2017,1755,5200,810,2017-08-04 00:00:00,36.37,1,283662.5,-1,2017,8,4,4,False,8.0,36.37,False,False,True,False,False,False,False,False,False,False,False,False,True,False,False,False
01/02/2017,4402,5912,810,2017-02-04 00:00:00,450.5,1,387081.05,-1,2017,2,4,5,True,11.0,450.5,False,True,False,False,False,False,False,False,False,False,False,False,True,False,False,False
01/12/2017,9987,5200,810,2017-12-27 00:00:00,3561.0,1,143521.43,-1,2017,12,27,2,False,8.0,3561.0,False,True,False,False,False,False,False,False,False,False,False,False,True,False,False,False
01/05/2017,4574,7999,810,2017-05-08 00:00:00,3800.0,1,18378.81,-1,2017,5,8,0,False,16.0,3800.0,False,True,False,False,False,False,False,False,False,False,False,False,True,False,False,False
01/07/2017,5010,5499,810,2017-07-21 00:00:00,651.0,1,165973.2,-1,2017,7,21,4,False,8.0,651.0,False,True,False,False,False,False,False,False,False,False,False,False,True,False,False,False
01/07/2017,2715,7997,810,2017-07-29 00:00:00,4000.0,1,301294.47,-1,2017,7,29,5,True,16.0,4000.0,False,False,True,False,False,False,False,False,False,False,False,False,True,False,False,False
01/12/2016,9903,5411,810,2016-12-20 00:00:00,49.0,0,0.0,-1,2016,12,20,1,False,8.0,49.0,False,True,False,False,False,False,False,False,False,False,False,False,True,False,False,False
01/06/2017,10109,5814,810,2017-06-30 00:00:00,480.0,1,105789.3,-1,2017,6,30,4,False,11.0,480.0,False,True,False,False,False,False,False,False,False,False,False,False,True,False,False,False
01/05/2017,714,5661,978,2017-05-30 00:00:00,39.98,1,55631.31,-1,2017,5,30,1,False,10.0,39.98,False,False,True,False,False,False,False,False,False,False,False,False,True,False,False,False
01/05/2017,8719,5921,810,2017-05-24 00:00:00,327.61,0,0.0,-1,2017,5,24,2,False,11.0,327.61,False,True,False,False,False,False,False,False,False,False,False,False,True,False,False,False
01/11/2016,9387,5541,810,2016-11-04 00:00:00,999.81,1,34371.28,-1,2016,11,4,4,False,9.0,999.81,False,True,False,False,False,False,False,False,False,False,False,False,True,False,False,False
01/05/2017,2718,5411,810,2017-05-09 00:00:00,550.99,1,228301.8,-1,2017,5,9,1,False,8.0,550.99,False,False,True,False,False,False,False,False,False,False,False,False,True,False,False,False
01/08/2017,2696,5411,810,2017-08-11 00:00:00,830.0,1,67712.07,-1,2017,8,11,4,False,8.0,830.0,False,False,True,False,False,False,False,False,False,False,False,False,True,False,False,False
01/12/2016,8346,5814,810,2016-12-24 00:00:00,342.0,1,14100.51,-1,2016,12,24,5,True,11.0,342.0,False,True,False,False,False,False,False,False,False,False,False,False,True,False,False,False
01/11/2016,7982,5261,810,2016-11-10 00:00:00,665.0,1,333411.7,-1,2016,11,10,3,False,8.0,665.0,False,True,False,False,False,False,False,False,False,False,False,False,True,False,False,False
01/11/2016,8801,5814,810,2016-11-29 00:00:00,405.0,0,0.0,-1,2016,11,29,1,False,11.0,405.0,False,True,False,False,False,False,False,False,False,False,False,False,True,False,False,False
01/05/2017,8740,5411,810,2017-05-19 00:00:00,1355.0,0,0.0,-1,2017,5,19,4,False,8.0,1355.0,False,True,False,False,False,False,False,False,False,False,False,False,True,False,False,False
01/08/2017,6448,5541,810,2017-08-21 00:00:00,49.0,0,0.0,-1,2017,8,21,0,False,9.0,49.0,False,True,False,False,False,False,False,False,False,False,False,False,True,False,False,False
